KB Number,Title,Audience,KB Category (ServiceNow),Covers master ticket,Mapping confidence,Search text,Notes
KB0029263,AHD Team Guide: Customer Portal Credit Card Payment Issues,Customer Support,Payments,,Unmapped,"AHD Team Guide: Customer Portal Credit Card Payment Issues Summary Supports AHD in handling unresolved customer credit card payment issues after Aurora. Purpose Ensures AHD follows the correct process for credit card payment issues in Customer Portal after Aurora and Help submission have been completed. Self-Help First (Customer Requirement) Confirm the customer has already: Used Aurora Chat Assist Submitted a case via the Help section How to Raise a Ticket (AHD Only) ServiceNow Path - this goes to GSC AR/CNP Team https://support.iwgplc.com/sp?id=sc_cat_item&sys_id=0532926b87c43190a310baaabbbb35af&sysparm_category=5914d8f087cf8d10ed48620c8bbb35d1 Required Details First 6 and last 4 digits of the card Invoice number Date of payment attempt Customer email & company name Error message or screenshot What You Can Request Failed card payments Payment decline errors Payment not reflected Incorrect payment allocation Payment-related error messages After You Submit GSC AR investigates and provides guidance IT is engaged by GSC AR if needed AHD monitors until resolution For escalation to GSC AR team, search GSC Escalation Matrix in IWG Academy via Elbie chat assist or via search field.",
KB0029467,Customer Portal / Myregus Account Login: Temporary Sign-In Issues During Login Provider Migration,Centre Support,Login,,Unmapped,"Customer Portal / Myregus Account Login: Temporary Sign-In Issues During Login Provider Migration What is happening? IWG is migrating account sign-in to a new login provider. This change is designed to make accessing your account more secure and reliable. During this transition, you may occasionally experience trouble signing in. Any disruption is expected to be minimal and temporary. Temporary limitation: The option to change your sign-in email address is currently disabled while the migration is underway. If you need to change your email address, submit a request through the IWG Email Change Portal . What should I do if I cannot sign in? If you cannot access your IWG account, report it through the IWG Login Support Portal so our team can restore your access as quickly as possible. Submit your report using the IWG Login Support Portal and include the following details: What to include Example A short description of the issue ""I cannot log in - the page just refreshes."" Any error message you received ""Invalid credentials"" or ""Account not found"" The email address on your IWG account yourname@company.com The date and time the issue occurred 5 August 2026, 10:30 AM (Manila time) Scree",
KB0028288,How to handle tickets related to Power BI Report that are associated with Dynamics F&O,L2,Dynamics F&O,,Unmapped,"How to handle tickets related to Power BI Report that are associated with Dynamics F&O Application/Service Dynamics F&O Description There are issues or requests related to Power BI Reports that may be associated with Dynamics F&O. They can be the following: Accessing and updating the Power BI report, that is configured in Dynamics F&O system. Granting access and assigning of security roles related to Power BI reporting, that is handled by IT L1 team. This provides steps on handling issues specific to Power BI reports as mentioned above. Instructions Users must be included in the Finance Power BI groups. These roles should be assigned to Dynamics F&O profile of users so they can also access the Power BI reports. PRO - PowerBI AR group 1 (C) PRO - PowerBI FA group 1 (C) PRO - PowerBI GL group 1 (C) Dynamics F&O > System administration module > Users (select a user and check User's roles section) Next step: If there are still issues in accessing the reports after granting the right access, users may reach out to Sudheer Pusuluri via email ( Sudheer.Pusuluri@iwgplc.com) and copy Michael Walker ( Michael.Walker@iwgplc.com ) If there are requests to update the report or issues related to",
KB0028930,Remove recurring service through TeamHub,Centre Support,Central Applications,,Unmapped,Remove recurring service through TeamHub,EMPTY BODY in source export
KB0029044,Dynamics F&O | How to Resolve INT-AR-003/Error code: 23-1-.,L2,Dynamics F&O,,Unmapped,Dynamics F&O | How to Resolve INT-AR-003/Error code: 23-1-.,
KB0020884,If the client is getting an error while adding the IWG/coffee card,L1,Customer Portal (MyRegus),,Unmapped,"If the client is getting an error while adding the IWG/coffee card If the client is getting an error while adding the IWG/coffee card, then we need to follow these steps - 1) Go to CSU Dashboard and enter the card number (in Card ID) which user has mentioned. 2) Click on Apply to search for the card, you will get the status of the card. 3) Expected cases issue can be occur when trying to add card - If Card was already marked as lost/inactive then it cannot be reassigned If Card is Added in one account, then It cannot be added for another account For example : As per the screenshot the card is added to one person This card cannot be added to other client with different email id If the card doesn’t appear in CSU dashboard while searching then the card is not loaded in our database Please advise them to add new card in these cases",
KB0037201,How do I request reinstatement of a customer account,Customer Support,Accounts & Companies,,Unmapped,How do I request reinstatement of a customer account Summary : This article guides users on how to request reactivation or reinstatement of a customer account. This is only applicable should the automated reinstatement process fail. Purpose : This article provides the correct path to request reactivation or reinstatement of a customer via TeamHub. Instructions : Centre team to check first if customer is showing as blocked or suspended in Customer Portal or Teamhub. Go to Teamhub > Raise Support request > Customer Operations > Collections Request > Customer > Company Name > Type of Request > Reinstatements > Description. Attach proof of payment. Follow steps under https://iwg.learn.link/content/5f9048a6ad634100100c9e72 on how to escalate the request to GSC Support team,
KB0020053,Manual payment via CC not received the transaction email,L1,Titan,,Unmapped,Manual payment via CC not received the transaction email Application / Service Titan Details Payment confirmation emails are sent only if the client used registered card(auto payment method) for that payment. Single used card are deleted once the payment is done and no confirmation email are sent.,
KB0029046,10. Dynamics F&O | How to Resolve INT-AR-003/Error code: 5-0-,L2,Dynamics F&O,,Unmapped,10. Dynamics F&O | How to Resolve INT-AR-003/Error code: 5-0-,
KB0030103,How to Use the TeamHub App?,End User,Process Enquiry,,Unmapped,"How to Use the TeamHub App? Description This article provides guidance on how to log in and use the TeamHub app, including key features and tasks that can be performed by centre teams. How to Log In Connect to Centre Wi-Fi Ensure your device is connected to your centre's Wi-Fi network. Open the TeamHub App Tap the TeamHub app icon on your device. Sign In Enter your employee email (e.g., john.smith@regus.com ) and password. Authenticate (if prompted) Complete authentication the same way you log in to Office 365 (e.g., via MFA). Main Features and Functions 1. Notifications (Home Screen) Notifications are grouped into: Company Notifications Centre Notifications Personal Notifications New updates and alerts will appear here as the feature evolves. 2. Menu Tap the ☰ (menu icon) in the upper left-hand corner to access: Favorites - Add items by swiping right on any home screen item. Notifications - View all notifications. Company - Access actions related to company operations. Centre - Access actions related to your centre. Personal - Access actions related to your individual profile. Settings - View app version or change language (currently available in English - US and English - UK ). 3",
KB0020212,Titan Slowness Issue,L1,Titan,,Unmapped,"Titan Slowness Issue Application / Service Titan Details Titan Slowness Issue Please follow the steps given below to clear cache and cookies from your Edge Browser : 1. Open Internet Explorer and select the tools icon. From the drop-down menu, select Safety and then Delete browsing history. 2. Uncheck the Preserve Favorites website data. Check both Temporary Internet Files and Cookies. Then click Delete. 3. Once you have cleared the cache successfully, you will get the information displayed below. 4. Close your Internet browser and open it again. Please follow the steps given below to clear cache and cookies from your CHROME Web Browser : To enable your browser to function more efficiently, you should clear your web browser's cookies, cache, and history. 1. First open Chrome. On the browser toolbar, click on more . Next, select More Tools and click on Clear Browsing Data. 2. In the Clear browsing data box, select the checkboxes for Cookies and other site data and Cached images and files. 3. Use the menu at the top to select the amount of data that you want to delete. Select beginning of time to delete everything and lastly select Clear Browsing Data. 4. Close your Internet browser",
KB0036916,What is the Meeting Room Cancellation and Global Policies,Customer Support,Products & Services,,Unmapped,"What is the Meeting Room Cancellation and Global Policies Cancellation Policy Meeting rooms If a customer wishes to cancel their meeting room booking the policy is: If the room is a 1-10 workstation room Full refund when the cancellation is made 10 days or more in advance of the event date. 50% refund when the cancellation is made 5 - 9 days in advance of the event date. No refund will be given for less than 5 days' notice, if the room size is 10 or less workstations. If the room is a 11-20 workstation room Full refund when the cancellation is made 20 days or more in advance of the event date. 50% refund when the cancellation is made 10 - 19 days in advance of the event date. No refund will be given for less than 10 days prior to the event date, when the room size is 11 or more workstations. If the room is a 21+ workstation room Full refund only when the cancellation is made 20 days or more in advance of the event date. No refund will be given for less than 20 days, when the room size is greater than 21 workstations. If a cancellation is made within 2 hours of the booking creation, cancellation fee is zero. However, this policy does not apply for same day bookings. Day offices For",
KB0026331,Customer has been charged while booking,L1,Customer Portal (MyRegus),[Bookings (Products) - Short Stay] Customer has been charged while booking,Medium,"Customer has been charged while booking Application / Service Customer Portal Details 1) Check when agreements starts - User will be able to use membership with all benefits after agreement starts Example: User will be able to use this membership with all benefits under it on 1st January 2024 like agreement says: 2) If agreement didn't start at the beginning of the month Free visits are pro-rated and since this agreement did not start at the beginning of the month user got only 4 free visits. You can find additional details in in IWG academy by following this link - Thrive Learner App Also attaching screenshot showing that customer had 4 free visits in May 3) Check if customer is the one with free visits Example : There are two contacts with the same first and last name, under this company 12737852 4) When free visit will be returned If user terminated booking max. 2 hours after creation - then free visit will be returned. The contact with the email requester provided in description is debbie@dakspublishinginc.com , but that contact has Member membership without any free visit as a benefit. Tell them to login with debbies@dakspub.com if they want to get free visit. Check if custome",
KB0028682,Alternative Login methods for clients myregus account,L1,Customer Portal (MyRegus),,Unmapped,"Alternative Login methods for clients myregus account If a customer is having trouble logging in to MyRegus because the verification code is not being delivered to their email or phone, there are several alternative options available to help them access their account. What to Do When Verification Code is Not Delivered - 1. Preferred Verification is Email : If the user's verification method is set to email: After entering their email and clicking Continue, they'll be taken to the ""Verification by email"" screen. If they do not receive the code by email, they can click the link: ""Follow this link to send the code to your phone ending with XXXX"" This allows them to receive the code via their registered mobile number instead. 2. Preferred Verification is Phone Number : If the user's verification method is set to phone: After entering their email and clicking Continue, they'll be taken to a screen asking for the code sent by SMS. If they do not receive the code on their phone, they can click the link: ""Follow this link to send the code to your email address XXXX"" This allows the user to receive the code via their email instead. 3. Authenticator App (if previously set up) : If the custome",
KB0020819,Why replay OSA is failing with A booking already exists for the Pivotal Reference: PRT10512768 while some inventories are not yet booked,L1,Titan,,Unmapped,"Why replay OSA is failing with A booking already exists for the Pivotal Reference: PRT10512768 while some inventories are not yet booked This applies to bookings with multiple inventories/rooms. Note that PRT10512768 is the Pivotal reference for a Sale, not an individual room booking. Replay OSA can only be used if all the rooms are failed not partly successful. This is as designed for now and this needs to be changed that it should be approved by Business and result into BS.",
KB0027487,"""Engage Account Helpdesk""  option not available",L1,Team Hub,,Unmapped,"""Engage Account Helpdesk"" option not available Application / Service TeamHub Details The centre management application has an ""Engage Account Helpdesk' option that allows a centre team member working on a ticket ('Centre Task') to transfer it to the Account Helpdesk. This button will no longer be available starting February 18th 2025 as part of ENHANCE-963. Additional Information",
KB0021151,Replay OSA error: Unable to rollback previous booking. Reason - ChildTerminated,L1,Service Desk SOP,,Unmapped,"Replay OSA error: Unable to rollback previous booking. Reason - ChildTerminated Application / Service OSA Details Replay OSA error: Unable to rollback previous booking. Reason - ChildTerminated Issue: replay OSA shows error like below for renewal: Unable to rollback previous booking. Reason - ChildTerminated Steps: When you see this message as Child terminated , we need to go to their bookings and see if the renewal is already terminated. So go to booking tab in this case on 5th June the latest renewal is terminated and on 20th June , they tried to do Amend Renewal without rolling back the termination , hence the failure. Please as them to Rollback the termination of Booking - 134133968 and then replay the OSA.",
KB0032214,Unable to Calculate Total Price Team Hub,End User,Process Enquiry,,Unmapped,"Unable to Calculate Total Price Team Hub Summary This article explains what to do when TeamHub shows the error "" Unable to calculate total price ."" Purpose To help centre teams resolve this pricing error by following basic checks and escalating the issue to the correct support team when needed. Self-Help First (Try These Steps Before Raising a Ticket) Refresh the page and try again. Check if the issue happens in multiple centres or only one centre . Confirm that the centre is fully configured in Titan . If the issue continues after these checks, proceed with the escalation steps below. Helpful Learning (IWG Academy) How to Raise a GSC Request https://iwg.learn.link/search/content?phrase=GSC&page=1&sortType=relevant TeamHub Overview https://iwg.learn.link/content/5fc0a23edb2321001018fbca How to Raise a Ticket Option 1 - Email GSC Titan Support 📧 GSC.TitanSupport@regus.com Include the following details: Centre code Full description of the error Steps already attempted Option 2 - Raise a Titan Ticket Through TeamHub 🔗 https://iwgprod.service-now.com/sp?id=sc_cat_item&sys_id=075f5a0b87ccc950ed48620c8bbb35b8&sysparm_category=9bdfd40287cf7410a310baaabbbb35c0 What You Can Request You may",
KB0029393,Customer Portal | Invoice are not issued with corrected Company Name,L2,Customer Portal (MyRegus),,Unmapped,"Customer Portal | Invoice are not issued with corrected Company Name Introduction: Clients may report that their updated company's business name& it is not reflected on invoices or in the MyRegus Portal after submitting multiple change requests. In this case, the client reissued invoices several times, but the old name continued to appear. The root cause is that the company name was updated multiple times within a short period When the invoice was reissued at point in time the active company name was the one which embedded on the re-issued invoice so the invoice correctly reflected that name. The system works as designed - invoices display the company name that is active at the time of reissue. If the client wants the latest name to appear, they must reissue the invoice again after the name change is finalized. Instruction Step‑by‑Step on How to Troubleshoot Such Situation: Check Company Name Change History Review the timeline of company name updates in the portal. [Check Company History in Titan PR DB] [table: history.company] & [table: dbo.Invoice] Identify how many changes were made and when. Verify Active Company Name at Time of Invoice Reissue Confirm which company name was ac",
KB0020894,Escalation for ACA and Nayax,L1,Service Desk SOP,,Unmapped,"Escalation for ACA and Nayax Queries and issues that have not been solved by Centre Teams, IT Helpdesk or Application Team will be escalated to ACA, Nayax, Canon, HP and ATP support teams. To escalate internally within IWG, contact Kim Kagahastian Kim.Kagahastian@iwgplc.com for support queries and Joao Tinoco Joao.Tinoco@iwgplc.com for service/business queries. 1.1 ACA When should I escalate an IT Ticket? If you have no response from IT Support, 48 hours after raising the IT ticket. How do I escalate an IT Ticket? 1. Forward your IT ticket to IT.Escalation@regus.com 2. Include your ticket number in the subject heading. For example, Incident #123456 Request Email User Account. 3. Your escalation should be responded to in 24 hours . If no ticket number is indicated, your escalation will not be responded to. Find more details on IT escalation process in the following IWG Academy link: https://iwg.learn.link/content/5f9048d3ad634100100c9f38 1.2 Nayax To escalate issues to Nayax, send an email to support@nayax.com for global support or contact local Nayax. View details in the table below: Nayax current contract and SLA's can be found in the following documents: 1.1 Printers To escalate",
KB0028780,CMR button missing on Customer Portals,L1,Customer Portal (MyRegus),,Unmapped,"CMR button missing on Customer Portals In cases where users are complaining that no CMR button is visible on Customer Portals and/or they are unable to make bookings for CMR, you can check 2 things. First, check if they have active LTO. Second, please check if the inventory is configured for it. On Titan UI open Inventory Admin (Admin > Inventory Admin). Select correct Centre and type of inventory. CMRs are configured usually with MR inventory and there is an option to enable an MR inventory as CMR too: Also make sure to check the Availability table. Make sure that the Inventory is currently available by checking the Date and Status in the Availability table. If a Centre does not have CMR inventory configured, Customer Portal will not show it for bookings either per design. Also confirm, Book on website checkbox is enabled.",
KB0028561,How to check Open Hours of a Centre,L1,Customer Portal (MyRegus),,Unmapped,How to check Open Hours of a Centre,EMPTY BODY in source export
KB0032234,Unable to select OPS centers on Team Hub,End User,Process Enquiry,,Unmapped,"Unable to select OPS centers on Team Hub Instructions Team Hub was designed to specifically not to be able to select OPS centers. You can conduct check-in Lounge where company could be found by Company Name, Contact Name (First name & Last name) and Membership card number. Membership card number is available under Account tab in MyRegus portal: Note : You can now search for Membership Customers in TeamHub. Simply go to TeamHub > Company > Select Company ( Global Search ) and enter the Membership Customer's account number.",
KB0028862,How to activate Call Answering from CP for VO,L1,Customer Portal (MyRegus),,Unmapped,How to activate Call Answering from CP for VO,EMPTY BODY in source export
KB0029162,Linking clients accounts in Customer Portals,L1,Customer Portal (MyRegus),,Unmapped,"Linking clients accounts in Customer Portals Application / Service Customer Portals Description Linking accounts in Customer Portals Instructions 1.Login to CP 2.Click on the dropdown menu to switch profile 3.Click on Manage company account 4. Click on Add new company account 5. Join existing account 6. Fill out needed information and click on Next After the steps above, invitation for the contact to join existing account will be sent. Last step is to log in to the new account (as staff) and accept the invite under Team > Access Requests Once all steps are completed, account will be linked. Additional Information",
KB0021152,Autopayment didn't work,L1,Team Hub,,Unmapped,"Autopayment didn't work Application / Service Titan Description Autopayment didn't work Steps to check: The auto payment did not happen, because the company was excluded from autopayment until the 4th of April 2023. See the screenshot below, the company profile edition shows that the Exclude from Automatic Card Payment checkbox was enabled for that moment.",
KB0019175,Meeting Room/Day Office client was not auto checked out,L1,Team Hub,,Unmapped,"Meeting Room/Day Office client was not auto checked out If a booking did not check out by the user, Titan jobs work and check these kind of bookings in order to apply auto check out rules to invoicing them daily basis. Please confirm on Titan UI that the booking is checked out. Note: User are notified on the CDR of not checked out bookings > issue is with Titan. Both reports and automatic check-out are tasks happening on Titan and this will need investigation from their side.",
KB0020698,My TEAMHUB function do not work after login,L1,Service Desk SOP,,Unmapped,"My TEAMHUB function do not work after login Application / Service TeamHub Details Some Users from CHINA cant access Team Hub and when they do the app is not working at all. Most comment root cause : Traffic to Team Hub API not working through local internet breakout and rerouted to HK DC. Solution : Incident should be redirected to ""IT Network"" team under Fernando Escribano.",
KB0026180,Services not visible on Customer Portal,L1,Customer Portal (MyRegus),,Unmapped,Services not visible on Customer Portal Application / Service Customer Portal Issue Symptoms / Error User added service but it's still not visible on Customer Portal Resolution Check the following: 1. Login to Titan and find the company 2. Go to Services > Recurring Sales 3. Find the service use is complaining about In case the service they are unable to see is under Direct Customer Sale it is not visible in CP per design. For example: Additional Information,
KB0020751,"Agreement signed, confirmation email not received",L1,Titan,,Unmapped,"Agreement signed, confirmation email not received Application / Service Titan Description Agreement signed, confirmation email not received Instructions Agreement signed, confirmation email not received check the OSA ref in Replay OSA as shown above click on view link to see the error message if error message says: The exact membership usage, location, and region have already been submitted for this customer . it means that customer already has a Membership of same type and same usage if you search by company name - ACTUARIAL AND RISK CONSULTING (T) LIMITED, you will find out 7 results returned and one account for co-working membership, account 12673778, created on July 19th with the same contact listed on OSA - Sadi Shemliwa who has membership card and valid membership. see below so you can’t have another membership of the same type for the same contact. so you can’t have another membership of the same type for the same contact.",
KB0020732,OSA not appeared to be signed,L1,Titan,,Unmapped,"OSA not appeared to be signed Application / Service Titan Details OSA not appeared to be signed, please ask the customer to enter cc card details and proceed to accept agreement. Please be advised the there is a pre-authorization process in setting up the credit card as payment method. Once the customer provided the CC details on the OSA, the system will pre-authorize the amount equivalent to 1 month membership fee as verification process for the validity of the card and if it is properly setup. This amount will be allocated once the invoice is generated. To generate the invoice, the customer must click the “ACCEPT” button on the OSA to complete the OSA process. Once the OSA is accepted/confirmed by customer, the agreement details will interface into system and will generate invoice. Then, the pre-authorize amount will be allocated to the initial invoice. Please explain to customer how the system works and request the customer to complete the OSA journey by accepting the OSA to get the agreement loaded and to generate the invoice. L1 to inform the user to complete the OSA journey.",
KB0027993,Titan/CustomerPortal | Agreement issue | Request to provide agreement document for the VO/ agreement not generated for renewal,L1,Titan,,Unmapped,"Titan/CustomerPortal | Agreement issue | Request to provide agreement document for the VO/ agreement not generated for renewal Application / Service Titan | Customer Portal Details Issue : Agreement is not generated for the VO Booking Case 1: Client signed up to a VO and has no agreement Synopsis: Reason for why no OSA was provided for the VO: If a client purchases an agreement from E-commerce Regus it will not create an OSA link/agreement (just a booking will be placed) The agreement have a pivotal reference which starts with ""N-"" meaning purchased via E-commerce. Only the agreement issued by Centre via SalesHub will provide an OSA. For the purchase made via E-commerce client will be provided with a confirmation of the purchase on an email. Screenshot for illustration: Additionally digital agreement cannot be issued from IT Team end for this type of VO. Centre Team can refer this case to City Manager to come an arrangement and action it accordingly (maybe by providing them with a paper signed contract as proof) Case 2: OSA is not available for the renewal booking Synopsis: Reason: For any booking which was renewed automatically by the system no OSA will be generated as it is all p",
KB0029184,How to resolve INT-AR-013/Error code: 996-999-14-14-14-14-14-14-,L2,Dynamics F&O,,Unmapped,"How to resolve INT-AR-013/Error code: 996-999-14-14-14-14-14-14- Application/Service Dynamics F&O Description How to resolve INT-AR-013/Error code: 996-999-14-14-14-14-14-14- Error Text: "" Error while posting journal JNB000000745 for transaction id - US990074-369380-1003., Error while posting journal JNB000000745 for transaction id - US990074-369380-1003., ,Number of vouchers posted to the journal: 71,Caught: System exception.,Account has been reconciled,Posting results for journal batch number JNB000000745/Voucher CBBKRC000005446_99US/Voucher CBBKRC000005446_99US/Only users in user group GL Team can post in module Ledger in the period containing the date 6/3/2025,Posting results for journal batch number JNB000000745/Voucher CBBKRC000005460_99US/Voucher CBBKRC000005460_99US/Only users in user group GL Team can post in module Ledger in the period containing the date 6/3/2025,Posting results for journal batch number JNB000000745/Voucher CBBKRC000005465_99US/Voucher CBBKRC000005465_99US/Only users in user group GL Team can post in module Ledger in the period containing the date 6/3/2025,Posting results for journal batch number JNB000000745/Posting has been canceled."" Root Cause: Openi",
KB0029287,Proof of Payment Button Greyed out on Myregus,End User,Knowledge,,Unmapped,"Proof of Payment Button Greyed out on Myregus Overview A new system change has been implemented in the Customer Portal (Staff Mode) that removes Centre Staff's ability to upload financial documentation (Proof of Payment) on behalf of customers. Centre Staff will now have view-only access to financial documentation that has already been uploaded by customers. All new uploads must be completed by the customer themselves via Customer Mode. This change ensures financial compliance, data ownership, and accountability by requiring customers to submit their own financial documents. What Has Changed What Centre Staff Can No Longer Do Upload Proof of Payment or any other financial documentation on behalf of a customer Submit financial documents using the Customer Portal while logged in as Staff Mode What Centre Staff Can Still Do View financial documentation already uploaded by the customer Navigate to the Billing and Payments sections for reference and support purposes Guide customers on how and where to upload documents themselves",
KB0028821,How to Monitor INT-AR-013 in Dynamics F&O.,L2,Dynamics F&O,,Unmapped,How to Monitor INT-AR-013 in Dynamics F&O.,
KB0033002,Why notification emails were not sent out to some clients?,Customer Support,Accounts & Companies,,Unmapped,Why notification emails were not sent out to some clients? Application / Service Titan Issue Symptoms / Errors Notification Emails were not sent out to clients Cause Titan sends the termination courtesy emails for all cases except Contract Breach. Resolution Why notification emails were sent out to clients when terminated using the reason Internal Process - Administrative Reason: Booking Correction This is as designed. Titan sends the termination courtesy emails for all cases except Contract Breach.,
KB0020633,Lounge check in scenario,L1,Service Desk SOP,,Unmapped,Lounge check in scenario Application / Service TeamHub Details When Spaces-branded customers visit Regus / HQ/ Signature centres they should NOT incur charges. If a charge is generated then an IT incident ticket must be raised to be investigated as a system bug.,
KB0029369,Production monitoring for TeamHub and Customer Portal,L2,Customer Portal (MyRegus),,Unmapped,"Production monitoring for TeamHub and Customer Portal Knowledge Base Article Monitoring Rounds: Team Hub and Customer Portal 1. Overview Monitoring rounds are performed twice per shift - once in the afternoon and once at night to cover any gap since the previous round. The default lookback window is 4 hours, adjusted based on when the last round was completed. Note: The recommended practice is to always share screenshots even when everything is healthy - this creates an auditable trail proving everything was checked. 2. TeamHub monitoring TeamHub has three checks per round: KPIs, availability, and alerts. Step 1 - KPI dashboard Open the TeamHub KPI workbook and set the time range to 4 hours (adjust to match the gap since the last round). Scan for any KPIs shown in red. Copy the KPI summary using the auto-populate tool or fill in manually: date, shift period, and time label (e.g. ""afternoon""). For each red KPI, open the Failures view (use the ""Failures"" / ""Pillars"" tab - faster than the previous approach). Note the endpoint and HTTP status code. Navigate to App Insights, copy the direct link for the failing endpoint, and paste it into the report so others (e.g. Mersim) can investiga",
KB0027905,How can the customer contact the Account Helpdesk and can the Community Team do this for them?,Customer Support,Accounts & Companies,,Unmapped,"How can the customer contact the Account Helpdesk and can the Community Team do this for them? How to Own and Resolve Customer Billing and Agreement Queries Summary This article guides you in confidently managing customer billing, invoicing, payment, and agreement queries directly at the community level. Purpose Delivering a premium customer experience begins with clarity-your customers should know that you are their key point of contact for billing and agreement matters. This article ensures you are equipped to address common issues promptly, resolve queries using available tools, and escalate only when necessary. Self-Help First Before raising a request or escalating, try the following steps: Use the customer's online account to review invoices and statements together. Refer to the Help Sheets and Guides available on the IWG Academy for answers to common questions. Utilize the Help Tab in the customer's online account to submit or assist with queries. Access the Staff Mode if submitting on behalf of a customer. IWG Academy Links [Customer Help Sheet] - https://iwg.learn.link/content/607434114501a40012a9e0ea [Centre Help Guide] - https://iwg.learn.link/content/61d70252a013db0012de",
KB0019680,Customer portal- Not showing Balance in myregus portal,L1,Service Desk SOP,,Unmapped,"Customer portal- Not showing Balance in myregus portal Application / Service Customer Portals Details Countries that are not PSP (Payment Service Provider) enabled will face this issue. A list of centers that currently have PSP disabled is attached in this KB as well as the SQL query that will return them from the Titan database. You will also find steps on how to check the HCC flag for a customer centre (to confirm whether a customer can register a payment card), in the Titan database and/or on Customer Portal website using ""inspect element"" If you want to find non psp centers, you can use following query select c.CentreName, c.CentreID, c.CentreNumber, country.CountryName, country.CountryID from CentreConfig cc join Centre c on c.CentreID = cc.CentreID join Country country on country.CountryID = c.CountryID where ISNULL(cc.PaymentProviderID, 0) <= 0 and ISNULL(cc.PaymentProviderGoLiveDate, '01 Jan 2078') > getdate() and c.IsCurrentVersion = 1 and cc.IsCurrentVersion = 1 and c.IsWebBookable = 1 order by country.CountryName Important terms: &middot;PSP enabled country = Country that accepts adding of payment methods (e.g. United Kingdom, United States of America, Italy etc.) &middo",
KB0026991,"To be deleted, duplicate",L1,Dynamics F&O,,Unmapped,"To be deleted, duplicate Application / Service Power Automate / Dynamics Finance and Operations (Dynamics F&O) Description Power Automate processes are used to retrieve all adds, moves, or changes of IWG employees from Proton/Service Bus. These updates are used to create or amend the corresponding worker records in Dynamics F&O. This ensures that employees are available in the system for Purchase Order (PO) and invoice approval workflows. However, during this process, some employee data may not be processed correctly in the automation flow, therefore t he worker is unavailable in Dynamics F&O, preventing their participation in other workflows related with P urchase Order approvals in Dynamics F&O and A ccounts Payable invoice processing. Below is a list of the most frequent errors encountered, and how to proceed to fix them. Instructions Error message Root cause Fix ProGlDerivedDimImportOrg |Centre_number| No record found. Centre does not exist in F&O Contact with Finance System Admin Managers to confirm Centre set-up or reassignment of employees Manager's position not found Worker's line manager not created yet or worker's company is wrong. Contact with Finance System Admin Manage",
KB0022942,How to raise Jira MST from ServiceNow,L1,Service Desk SOP,,Unmapped,"How to raise Jira MST from ServiceNow Application / Service All Applications Details How to raise Jira MST from ServiceNow - Edit the description of the incident, add all the related information in the description in a sequential manner. Add Company ID, Email address, and other information related to the issue. Change the Service Offering, categories and subcategories of the incident with respect to the description of the issue. NOTE: L1 to ensure that the ticket is under the correct Service Offering, as this will reflect as the 'component' in MST. As a guide, the MST should be created on the system where the issue started/observed or manifested. The L2 team handling the MST will raise the needed investigation task to the corresponding system where it will be fixed. This also applies for internal tickets (MSTs that have no corresponding ServiceNow ticket but will need investigation input by other systems/team), and internal tickets should have 'Internal' in the MST 'Label' field. Example: if issue is observed in Dynamics F&O, to ensure it is under Dynamics F&O Service Offering flowing into the correct component. If DF&O team needs to have it fixed in Titan, to create a Titan invest",
KB0010918,TeamHub Device Types Personal Device VS Shared Device,L1,Team Hub,,Unmapped,"TeamHub Device Types Personal Device VS Shared Device Application / Service Team Hub Details There are two device types available to access TeamHub, we have personal device and shared device. Choose the personal device option if nobody else has access to your device. On this option, your user account information may persist when the TeamHub app is closed and then re-opened (no need to re-login) Choose the shared device option if more than one person is using your device. Using the shared device option is using a different flow. The user and session data is not stored in the local database and will be cleared automatically when the app is closed or is inactive for a short period of time. 1/2",
KB0019519,Titan Account Creation/Enabling,L1,Service Desk SOP,,Unmapped,Titan Account Creation/Enabling Our Identity Access Management (MIM) platform automatically create the Titan account based on Job Title (jobcodedescriptions). Please contact HR team and ask them to change the Job Title (jobcodedescription) in PSHR portal to the correct one from the attached Excel sheet. Once the Job Title changed in PSHR portal titan account will be automatically created. Please access the below link to raise the incident to HR team. https://iwgprod.service-now.com/sp?id=sc_cat_item&sys_id=526c8ed3871d4110ed48620c8bbb35d7&sysparm_category=45a03205870b0150ed48620c8bbb354c,
KB0027210,Balance mismatch in Titan SOA,L2,Titan,,Unmapped,"Balance mismatch in Titan SOA Application / Service Titan Issue Symptoms / Error The mismatch balance is due to transactions from 2013-2014 are not included in TITAN SOA. Resolution The Opening balance date is Jan 01,2015, so from system perspective this should work As Designed. Finance Team can help with balance reconciliation. Additional Information Reference tickets: MST (JIRA): MST-57511",
KB0019518,Titan Account Creation,L1,Service Desk SOP,,Unmapped,Titan Account Creation Application / Service Titan Details Our Identity Access Management (MIM) platform automatically create the Titan account based on Job Title (jobcodedescriptions). Please contact HR team and ask them to change the Job Title (jobcodedescription) in PSHR portal to the correct one from the attached Excel sheet. Once the Job Title changed in PSHR portal titan account will be automatically created. Please access the below link to raise the incident to HR team. https://iwgprod.service-now.com/sp?id=sc_cat_item&sys_id=526c8ed3871d4110ed48620c8bbb35d7&sysparm_category=45a03205870b0150ed48620c8bbb354c,
KB0029405,BS-10725 – Israeli Tax Authorities (ITA) UFF Unified Format Files – Support Reference Guide,L2,Dynamics F&O,,Unmapped,"BS-10725 – Israeli Tax Authorities (ITA) UFF Unified Format Files – Support Reference Guide Application / Service Dynamics 365 Finance & Operations (D365FO) Purpose This article provides a functional and operational reference for BS-10725 - Israeli Tax Authorities (ITA) UFF Unified Format Files . The solution enables D365FO to generate the mandatory Israeli UFF reporting files ( INI.TXT and BKMVDATA.TXT ) required for tax reporting compliance. This knowledge article serves as a reference for IT support teams to understand the solution design, business process, report generation process, data sources, and support considerations. Solution Overview Business Requirement: Israeli Tax Authority (ITA) compliance requirement. Mandatory generation of UFF files. Current State: Report generated through FinApps. Future State: Report generated directly through D365 F&O Electronic Reporting (ER). Scope In Scope: Periodical Process Generate and send UFF reports to Tax team in TXT format Users & Roles Dynamics F&O Admin Role Systems & Platforms Dynamics F&O Entity Applicable Only to ISR1 Entity within D365 F&O Transactions Applicable to all financial transactions Translations Not applicable Out of",
KB0026140,Titan | Contact Logon Section Functionality Removal,L1,Service Desk SOP,,Unmapped,"Titan | Contact Logon Section Functionality Removal Summary: The contact logon functionality has been removed from Titan due to the deployment of ENHANCE-419. This is applicable to all users who have access to Titan for their roles. This KB article is a guide to help users on how they can adapt to the new process Purpose: The Enhance was implemented in order to keep only the User Profiles in Proton and remove the dependency and synchronization of data between all contacts linked to a User Profile. New process set for handling issues which were previously resolved via contact logon functionality: 1. How to update membership role of the contact : This feature has been shifted to contact details section in Titan. 2. Modify Logon Email : removed this functionality completely (to be moved to Customer Portal with implementation of BS-8977) 3. How to verify last login event of the contact : This is now available in MyRegus, kindly check in under your team section 4. How to reset password : This functionality is out of commission and we will be no longer required once BS-8977 is live. Interim workaround for now is to follow reset password KB link which is provided below: https://iwgprod.se",
KB0025347,Booking is disabled due to connected inventories,L1,Customer Portal (MyRegus),,Unmapped,"Booking is disabled due to connected inventories Application / Service Customer Portal Issue Symptoms / Error If the customer claims that booking of the one inventory makes disabled booking of the another inventory by other customers. For example, if the customer wants to book Meeting Room i.e. MR 05 then other centre/centres i.e. MR05&#43;MR06 and MR 06 will be disabled for booking in that period, seems these inventories are connected in some way. Resolution There are steps that need to be checked: Navigate to Titan Navigate to Centre Admin within Admin tab (right upper corner) Search for provided Centre Number (i.e. 5204) within Centre Number field and click “Go” Navigate to Inventory Admin within Admin tab (right upper corner) Select Inventory Type -> Meeting Room Select Inventory Name -> the one that is provided from the customer Scroll to the section Potential Suite/Connecting Rooms Check is there some connected inventory Additional Information Note: If there are some connected inventory/inventories then those Meetings Rooms will be connected to each other, so if the one is already booked, the booking will be disabled for others.",
KB0025530,Applications | Internal | General Ticket Handling Guide_Quality Checks,L1,Service Desk SOP,,Unmapped,"Applications | Internal | General Ticket Handling Guide_Quality Checks Application / Service IT Applications Team Details Below are the expected ticket handling checks or guide to be followed by L1 Team to ensure that each tickets are properly processed. KNOWLEDGE ARTICLE TAGGING L1 Team should tag the tickets with the correct troubleshooting using the available knowledge articles. If all articles have been exhausted and nothing matches with the issue/request, only then can it be passed to L2 team. L1 Quality Team to include in quality checks that the correct KB or resolution has been used. L1 team can either search for the knowledge articles within the ticket or via KB Search Page . PROBLEM RECORD TAGGING L1 team to ensure that tickets with related problems are related or linked correctly. L1 team to check with ITSM Problem Management team of the existing problems and tag to the tickets accordingly. CORRECT SERVICE OFFERING AND SUBCATEGORY L1 team to ensure that all handled tickets should reflect the correct Service Offering and Subcategory. This will help not only just in reporting but also in making sure that tickets forwarded to L2 team via MST are reflecting the correct compon",
KB0025648,E-Invoicing | L1 and L2 Teams Support Guide,L1,Service Desk SOP,,Unmapped,"E-Invoicing | L1 and L2 Teams Support Guide Application / Service E-Invoicing / Titan (Billing and Payments) Details Support or process update for teams handling E-Invoicing tickets. List of E-Invoicing Countries as of May 2025: India Egypt Turkey Guatemala Uganda Portugal Serbia Finland Romania Panama Paraguay L1 TEAM Ticket Handling (Received via IT Case) Check who the ticket requestor is in ServiceNow, if it is from the centre team, GSC AR Finance or Account Helpdesk and have not provided what the rejection reason is, to refer them to GSC Billing first . GSC Finance Guide (ServiceNow ) . L1 Team should check if the invoice or credit note belongs to an E-Invoicing country. Refer to Tax Authority Guideline to quickly see a summary of the countries along with the type of tax authority errors. Browse through the E-Invoicing Knowledge Homepage. Follow KB0020632 on how to check the rejection reason in Titan. If there is a rejection reason, it is an E-Invoicing issue. GSC Billing team is the initial support team for E-Invoicing issues. They will handle data error/registration tax error for these invoices and raise or create the ServiceNow ticket for L2/L3 team if it is a code/uncategor",
KB0025529,IWG Portals | L1 Team_Credit Card & Invoicing Issues Support Guide,L1,Service Desk SOP,,Unmapped,"IWG Portals | L1 Team_Credit Card & Invoicing Issues Support Guide Application / Service Customer Portal / Credit Card, Payment Card, Invoicing Details Process update for Customer Portal L1 Team in handling Credit Card Payment Issues and Invoicing Issues via ServiceNow Ticketing System. L1 Ticket Handling for Credit Card Payment Issues Card Auto-Payment Issue Check first in CP if payment method is correct/reflecting and if payment have pushed through, and if a cloned/copied company. Follow KB0019449. PSP Check - depending on the findings in PSP, L1 to proceed with next steps as with following KBs: KB0020648 KB0024688 - Ingenico KB0024695 - WorldPay Invoice Number - get on what invoice number the payment issue was for. L1 can check in Titan if there is a captured failed payment. If autopayment failure caused nonpayment notification and late fee charge. Follow KB for SOA. KB0018342 Payment Card Not Added / Unable to Make Payment Check first in CP if payment method is correct/reflecting. Get correct company and email address of the one who attempted to add the card. Get first 6 digits and last 4 digits of card. Get invoice number (for unable to make payment scenarios). Get date when c",
KB0025528,IWG Portals | L2_Credit Card & Invoicing Issues Support Guide,L1,Service Desk SOP,,Unmapped,"IWG Portals | L2_Credit Card & Invoicing Issues Support Guide Application / Service Customer Portal / Credit Card, Payment Card, Invoicing Details Process update for Customer Portal L2 Team in handling Credit Card Payment Issues and Invoicing Issues via MST/JIRA Ticketing System. This is also applicable for Titan L2 team for Statement of Account issues. Credit Card Payment Issues In the MST ticket, L2 to provide the investigation noted and error identified. Ask requestor to log a ticket for GSC Team. Sample Template/spiel: Please find the following investigation notes which needs to be checked by GSC Team. (Insert investigation notes). Please relay the findings above, follow the GSC Escalation Matrix (Thrive Learner App ) and raise a ticket to them for further assistance. To know more about the scope of GSC Team, you can follow this as well: GSC Finance Guide (ServiceNow ) . We will now be closing this incident as this issue must be investigated by the GSC Support team. Thank you. Process update : L2 to not log an FQR ticket anymore and ask ticket requestor to log ticket/consult with GSC team. SOA Balance Mismatch Issues Invoice Incorrect Status Zero Balance When Trying to Pay Paym",
KB0019966,Team Hub Runbook,L1,Team Hub,,Unmapped,Team Hub Runbook Please find the TeamHub Run book Version 5.7.2.docx,
KB0025421,Applications | Internal | Priority Mapping,L1,Service Desk SOP,,Unmapped,"Applications | Internal | Priority Mapping Application / Service IT Applications Team Details Attached is the full Priority Mapping file that needs to be reviewed and applied correctly for incoming tickets. Below is the screenshot of the ''General Tab'' as main reference, for specific application, kindly refer to the attached file. Urgency measure of how quickly incident resolution is required; defined by the criticality of the business process Impact measures the extent of the incident and potential risks/damage before it can be resolved Priority priority in ServiceNow is defined as the Impact versus the Urgency Additional Information Click on Edit to see the attached Priority Mapping file.",
KB0038539,How to remove contact from Customer Portals,Customer Support,Accounts & Companies,[Accounts and Companies] Contact removal,Medium,"How to remove contact from Customer Portals Application / Service Customer Portals Description How to remove contact from Customer Portals Instructions <Provide numbered steps on how to accomplish the task> 1.Select Company 2.Select a contact (not the one you need to remove, another one) 3.Navigate to Team > Your team 4.Click on the 3 dots on the right of the contact and select ""Remove user"" 4 Additional Information <Add links to more resources such as a page in the product documentation, SharePoint sites, related knowledge article, or other customer applications>",
KB0032443,How to Change product on Team Hub,End User,Process Enquiry,,Unmapped,"How to Change product on Team Hub Overview This article explains how centre teams can request a product change in TeamHub-for example, converting an office agreement to a virtual office or membership, and vice versa. Preconditions Before submitting a product change request, ensure the agreement meets at least one of the following: The booking is active or future-dated Pricing has been uploaded The agreement can be terminated or renewed Purpose To update an existing agreement when a customer wants to switch their product type (e.g., office &rarr; virtual office, membership &rarr; office). Steps to Change the Product in TeamHub: 1. Go to the Center tab in Team Hub and select the center associated with the company. 2. Navigate to the Company tab and search for the company. 3. Click Amend Agreement . 4. Select the agreement that requires a product change. 5. Click Change Product . 6. Enter all the required details and follow the prompts to complete the update.",
KB0034346,What are Meeting Room Discount Change for Pay As You Go Customers?,Customer Support,Products & Services,,Unmapped,"What are Meeting Room Discount Change for Pay As You Go Customers? The following changes has been made from 5th October for ""Pay As You Go"" customers- Our monthly paying Office, VO, Coworking, Membership and Enterprise customers that book via their online account will continue to receive the 10% discount on Meeting Rooms. The 10% discount will no longer be available for PAYG (pay as you go) customers. Of course, if they sign up for a monthly paying agreement (e.g. Lounge Membership) they can continue to receive this benefit. Note: 1) For now, Day Office bookings will continue to receive the discount. We are working to bring this in line with Meeting Rooms soon. 2) To know more about the Global booking price list or Meeting room price updates, please visit - Community Action - October 2023 | IWG Academy",
KB0032424,How to search by different criteria on Team Hub,End User,Process Enquiry,,Unmapped,How to search by different criteria on Team Hub Application / Service Team Hub Description Criteria of search in Teamhub Instructions Make search under Global search tab under different criteria. The options are listed in Filter on Search company calendar. Default search is for company and contact. Search for account number gives expected results only when you enters full company reference number. Steps to conduct search by different criteria: Log in to TeamHub Navigate to Company section Select Global search tab Click on Filter icon next to Search Select the search criteria and click on Apply button Populate the Search with the valid data Verify results of search are displayed correctly,
KB0029346,Unable to unlink contact from Company,L1,Customer Portal (MyRegus),,Unmapped,Unable to unlink contact from Company For issues where customer/staff are unable to unlink Contact from the Company with the error like on the screenshot below: You cannot unlink the last contact of the company. Company cannot be left without any contacts. If needed a request to GSC Titan Admins can be raised to deactivate the company.,
KB0020871,Correct OSA details,L1,Titan,,Unmapped,"Correct OSA details Application / Service OSA Details OSA ref PRT10332025 is signed on August 2d and is loaded to Titan, see booking ref 122784136 As you can see number of occupants on OSA and loaded to Titan are aligned - thus there is no OSA issue here Please note that once OSA is signed, there is no way we can correct it. All the amendments shall be performed in Titan UI. If the requester us disputing the fact that Sales Hub did not give option for amount of WS - this should be addressed to SH Team, not OSA. Please pass to AHD to make all the corrections.",
KB0032427,Client not visible in Company section on Team Hub,End User,Process Enquiry,,Unmapped,"Client not visible in Company section on Team Hub Overview If a client is not appearing when you search in the Company section of TeamHub, follow the steps below to locate them using the available search and filter options. --- How to Search for a Client in the Company Section 1. Open TeamHub and navigate to the Company section. 2. Select Select Company. 3. Select the Filter option to open the search filters. 4. Choose the type of search you need from the available options. 5. Type the client's name or number into the search bar. The filter results will update below as you type. Note: You can search for a contact by Name and/or Email Address using either the Centre or Global search options. --- Client Still Not Visible After Searching If the client does not appear after applying the filters above, collect the following details from the user before raising an IT case: - Client name - Email address - [Any additional details required - please confirm what information is needed]",
KB0032441,How to Move within this center on TeamHub,End User,Process Enquiry,,Unmapped,"How to Move within this center on TeamHub Application / Service TeamHub Details Please follow the below steps to Move within this center Preconditions: active booking with uploaded pricing Purpose: to move booking to another office in the same center You must select who is requesting move: Customer initiated or Center initiated. Start date is editable - Minimum start date value is original start date value plus one day . Maximum Start date of move is one day before End date of booking. End date of move is not editable and is equal to End date of booking. By click on Please select an office, user will have displayed inventory calendar for the center where he can select available office for selected terms. All Amend agreement flows mentioned by know will result in completing the action with confirmation pop up. In Form section there is always displayed original data of the booking. In To section there are always details of amends. After click on Confirm button, there will be displayed Success message if there are no any errors with the booking. By closing the notice pop up taping the Ok on the message, user will be taken to Preview agreement screen. On Preview agreement screen, user",
KB0029081,How to Monitor INT-AR-096,L2,Dynamics F&O,,Unmapped,How to Monitor INT-AR-096,
KB0029055,How to Resolve INT-AR-002/Error code: Blank-,L2,Dynamics F&O,,Unmapped,How to Resolve INT-AR-002/Error code: Blank-,
KB0020992,Troubleshoot roles and permissions issues in TeamHub to resolve missing buttons,L1,Service Desk SOP,,Unmapped,"Troubleshoot roles and permissions issues in TeamHub to resolve missing buttons Issue: Can't access some sections on Team Hub Check if the user is using the latest version of Team Hub Check if the user's job title is allowed to have full access Check if user can access those sections on mobile version. If user can't access both in Mobile version and Desktop version, please get the following information from user to raise the Second level investigation Task ( Service Request Master Support Ticket ) &bull; Name &bull; Email &bull; Title/Role &bull; Manager for that user &bull; TH app version &bull; Group Access Required &bull; Access requirement specifications NOTE: Roles and permissions can now affect specific buttons and ability to search for specific Centres. Procedure is the same in these cases as well.",
KB0019137,Unable to Terminate Services in TeamHub,Known Errors,Teamhub,,Unmapped,"Unable to Terminate Services in TeamHub When the user tries to terminate any services and the delete option is greyed out like below screenshot, then this is a Titan configuration issue. In Titan under service pricing, if the below highlighted option is checked then the delete option will be greyed out in TeamHub. We will need to ask the user to contact GSC Titan Admin team via GSC.TitanSupport&#64;regus.com to uncheck the option in Titan to fix this issue.",
KB0038117,How to add a new member to an existing company,Customer Support,Accounts & Companies,,Unmapped,"How to add a new member to an existing company How to add a new member to an existing company The new team member must be added internally by the Account Owner by sending an invite. Note : This step is always essential when adding someone to the team. 1) On the main account page. The owner of the account must invite the new member who will be joining. How to do this? - Please visit the team page on MyRegus - Please ask them to click on ADD USER 2) Once they click on ADD USER, they will see this page - - Set the permissions accordingly, whether its admin or not. 3) Once done, press the INVITE button. 4) The screen will go back to the starting page where it will say, your invitation has been sent. 5) Please ask the user to check their registered email address. - They should receive an email from Regus with the subject Welcome to your Customer Portal. 6) Ask the user to click on the link. 7) It will take them to a new page where they will register their account in the system. 8) Kindly ask the new team member to complete the registration process by completing all the steps.",
KB0037190,How do customers raise billing queries,Customer Support,Invoicing,,Unmapped,"How do customers raise billing queries Summary : This article guides users for account queries on Invoice charges (Monthly Office/VO/Membership fees, Kitchen Amenities, Late payment fees, Parking, Office restoration, Telephone charge, Retainer, Other charges). Purpose : This article provides the guide for assisting customers with billing related queries.. Instructions : Centre team to follow the guide how to handle customer billing queries via IWG Academy Link .",
KB0020745,Centre Team haven't received a renewal for client,L1,Titan,,Unmapped,"Centre Team haven't received a renewal for client Application / Service Titan Details Please inform the customer that first and second renewal email will be sent 21- and 7- days before NDD date indicated in the booking. I see the booking 114814487 has NDD - Jan 31, 2022. So the first will be sent on Jan, the 10th.",
KB0032446,How to change Salesperson while sending agreement on Team Hub,End User,Process Enquiry,,Unmapped,"How to change Salesperson while sending agreement on Team Hub Overview By default, TeamHub automatically assigns the salesperson based on the configuration in Titan. If you are processing a renewal and wish to change the salesperson, follow the steps below. Steps to Change the Salesperson Locate the Current Salesperson Click on the Salesperson's Name Click directly on the salesperson's name to edit or change it. Search for the New Salesperson In the search box, type the email address of the salesperson you want to assign. Select the correct contact from the list. Confirm the Change Once selected, the Salesperson field will update to reflect the new contact.",
KB0028319,How to Reset Teamhub?,End User,Process Enquiry,,Unmapped,How to Reset Teamhub? Instructions Follow the steps below on how to reset your Teamhub when the app takes a long time to setup then jump backs to the startup page. 1. Close Teamhub app then search for it in the program list. 2. Right click and select the App settings. 3. Scroll down and click on Reset button. 4. Wait for the reset process to complete then relaunch Teamhub.,
KB0020711,Centre mailbox and community manager not receiving renewal emails,L1,Titan,,Unmapped,Centre mailbox and community manager not receiving renewal emails Application / Service Titan Details For Centre mailbox and community manager not receiving renewal emails please reach out to GSC Titan Admins via GSC.TitanSupport&#64;regus.com,
KB0037400,What are the Roles and Permissions on Team Hub,End User,Access Request,,Unmapped,What are the Roles and Permissions on Team Hub Following the optimization of roles and permissions when accessing Teamhub. Teamhub should now give you access depending on your Job Code and Job Title If you think that you should have full access on Teamhub and your role states that you have Basic access only. Please email your line manager first and ask for assistance. Your line manager should help escalate this to the department who will tell IT if the role can be full access or not. Please refer to the attachments for more details NOTE: IT will not be changing the roles in Teamhub. If you require to have Full Access. You need to submit a request from HR and update your Job Title. https://support.iwgplc.com/sp?id=sc_cat_item&sys_id=ab045bfc87940214a310baaabbbb3533,
KB0035977,Video: Refresh User settings button feature on Team Hub,End User,Process Enquiry,,Unmapped,Video: Refresh User settings button feature on Team Hub With this new feature TeamHub Users will be able to clear local cache without need to logout. TeamHub now includes a Refresh User Settings button that allows users to clear the local cache without logging out . This makes it easier to update settings quickly and continue working without interruption. Note : This functionality is accessible starting from TeamHub version 2.57 or later. Watch the video below for step-by-step instructions on how to use the Refresh User Settings button in TeamHub.,
KB0019648,OTR Issue,L1,Service Desk SOP,,Unmapped,"OTR Issue Application / Service OTR Details OTR Issue If an OTR incident is raised to network team and apps will work on the request, please assign the ticket to IT COGNIZANT APPS TITAN and include a comment stating that this is OTR related and a MST ticket needs to be opened. These are the troubleshooting steps that have been identified, network is involved in Steps 1 and 2. Issue with Device not registering 1 - Always Get Device MacAddress & CentreNumber (Level1 Networks or App Tower) 2 - Check Mac is registered in Clavister OTR page and hasn't expire yet (If the MAC is OTR registered and ANC registered, the issue most probably would be in the firewall/network) (Level1 Networks) 3 - If the MAC address is not showing as registered on the clavister OTR portal or is showing as ""Device is in queue for ANC registration by Titan on attempt [x]"" engage the Titan Aps team. Check Titan database dbo.ContactDevice table (if exists then problem with Titan API call to Clavister) (MST required + Titan component - Train Titan L2 Support team (DataArt) on this matter - need access to Titan DR database) 4 - If not existing in dbo.ContactDevice then and device added through CustomerPortal - then C",
KB0021922,IWG Card is not working in Coffee machine for a client,L1,Customer Portal (MyRegus),,Unmapped,"IWG Card is not working in Coffee machine for a client IWG Card is not working in Coffee machine for any client. Replication Steps to follow - 1. Open CSU Dashboard 2. Search with the IWG card/FOB/Tag 3. Check the card status. If the card is active, then Raise MST If the card is Suspended- 4. Then check in Titan>Client Search> Financial Data tab, whether the account is blocked or not 5. If The account is blocked then advise them to contact Reinstatement team via reinstatements&#64;iwgplc.com 6. If the account is Active and card is blocked, then open the card details on CSU application. 7. Then click on unblock until the card status shows as Active.",
KB0020830,No renewal Email sent,L1,Titan,,Unmapped,"No renewal Email sent Application / Service Titan Details No renewal Email sent Resolution: The renewal email was sent 21 day before auto renewal happened to address priorityprotection&#64;outlook.com before the email of the contact got changed to moustafa&#64;priorityprotection.net.au on the Dec 07, 2022 03:36.",
KB0029395,"After Login website spins forever or shows error ""Something went wrong""",L2,Customer Portal (MyRegus),,Unmapped,"After Login website spins forever or shows error ""Something went wrong"" Known Issue: Website Continues Loading Indefinitely Overview After entering the verification code, the website continues loading indefinitely and does not complete the login process, preventing users from accessing the application. Symptoms The website continues loading indefinitely Something went wrong. Please try again later. Affected Systems Application: Customer Portal (Login) Environment: Production Version: Latest Root Cause The root cause is currently unknown. Initial investigation suggests this may be related to a synchronization issue, as the user account attempting to log in does not exist in the Titan database. Further analysis is required to determine the exact cause. Workaround Veryfy and cross check the incorrect account by checking the Cosmos DB (Contacts V3) and Titan Database summary.FinancialAccount Remove the incorrect Contact entity from Cosmos DB (Contacts V3) and re-index the data. Verify the issue is resolved. Contacts For further assistance, contact Proton L2 Support Team.",
KB0035458,How to Allow employees to select the Centre they are working in when updating daily status on Team Hub,End User,Process Enquiry,,Unmapped,"How to Allow employees to select the Centre they are working in when updating daily status on Team Hub TeamHub users now have the option to select the Centre they are working in when updating their status. Note: This feature applies only to users with the Community Teams role How It Works When logging into TeamHub , you must: Select your Status . Select your Centre (location) . You will not be able to use TeamHub until both selections are made. Watch this video for a full walkthrough:",
KB0038098,"How the center inventory pictures can be changed on IWG  applications (Centres, MyRegus, websites, SalesHub, and all systems) ?",End User,Centre Information,,Unmapped,"How the center inventory pictures can be changed on IWG applications (Centres, MyRegus, websites, SalesHub, and all systems) ? Where Pictures Appear Images are displayed across multiple IWG applications, including Centres, MyRegus, websites, SalesHub, and other IWG systems . How Pictures Are Set All pictures shown for centres and inventories are set by default. Centres cannot submit or update images directly. The MyRegus team selects indicative pictures, which are used consistently across all centres. Key Point ➡️ The same standard image is applied to all centres.",
KB0029379,Direct Debit set up - Upload file grayed out,Customer Support,Payments,,Unmapped,"Direct Debit set up - Upload file grayed out Client to click Download appropriate Direct Debit mandate first. After the download is completed, the Choose File button will become available.",
KB0020892,IWG Card Useful FAQ's,L1,Service Desk SOP,,Unmapped,"IWG Card Useful FAQ's Application / Service IWG Card/ CSU/ Nayax Details I WG Cards Overview The new IWG Cards are corporate physical cards that allow all IWG customers and employees to access workspaces, consume coffee, use printer (HP & Canon) or ATM Kiosk (USA only) with a single card solution. Currently, IWG Cards can be used with Salto e-locks to access offices, meeting rooms and other workspaces, cloud printing (HP & Canon) and with Nayax machines for coffee. In the future, they will also be used for a wide variety of services. IWG Cards are manually activated by customers in their online account or mobile app, which automatically activates them in the Access Control Application (ACA) and Nayax portal. IWG Card example: Access to workspaces, coffee, printers and ATM Kiosks (USA only) in a single card solution: IWG Card Activation All customers receiving an IWG Card must activate it in their online account. Activation of IWG Cards by customers, or by Community Teams in staff mode is completed following these steps: 1. Access customer's online account 2. Navigate to ""Quick access"" menu: 3. Click on the ""Access Card"" section: 4. Enter the card number and press ""Activate Card"". A",
KB0037189,How do I escalate billing (Accounts Receivable) concerns for a Corporate Account,Customer Support,Accounts & Companies,,Unmapped,"How do I escalate billing (Accounts Receivable) concerns for a Corporate Account Summary : This article guides users for escalations of accounts receivable tickets or billing tickets for a corporate account. Purpose : This article provides the correct path on how to escalate accounts receivables and billing tickets for corporate account via TeamHub. Instructions : A. Escalate an Accounts Receivable ticket for a Corporate Account Go to Teamhub > Help > Raise Support Requests > Escalate a Ticket > AR, billing and collections Escalation Select Correct Reason for Escalation On the ''Is this an Escalation for"" drop down, select Corporate Account Receivable Provide CRM Case number Select Company name Add Description NOTE : SLA of the Corporate team is 3 business days. B. Escalate a Billing ticket for a Corporate Account Go to Teamhub > Help > Raise Support Requests > Escalate a Ticket > AR, billing and collections Escalation Select Correct Reason for Escalation On the ''Is this an Escalation for"" drop down, select Corporate Account Billing Provide CRM Case number Select Company name Add Description NOTE : SLA of the Corporate team is 3 business days.",
KB0029477,Customer needs to be in logged into the Company with Membership in order to apply for a Free Booking,L1,Customer Portal (MyRegus),,Unmapped,"Customer needs to be in logged into the Company with Membership in order to apply for a Free Booking Introduction: The customer is complaining that a Free Booking benefit cannot be applied on their Account and they are getting charged on the Booking page. Solution: - Please check if the customer is logged into the correct account. On the image above, the customer is logged into Company ID - 16782649 . - In the ' Quick Access ' section in the Portal, we can see that the User does not have the Membership , Virtual Office or other benefits which enable a Free Booking . - Clicking on the Company Panel, we can see that the User has another Company . - When we switch to the other Company and then go to the "" Quick Access "" section, we can see now that there is a Virtual Office benefit which would have applied a Free Booking . The same works for any other benefit which applies a Free Booking. - The Customer was logged into a the wrong Company and the Booking was not applied, however when changing to the Company with the benefit attached, the Free Booking benefit will be applied on the Portal. Please always check if the User is logged into the correct Company before raising an incident.",
KB0024979,How to prepare User Access Review for D365FO,L2,Dynamics F&O,,Unmapped,"How to prepare User Access Review for D365FO Application / Service Dynamics F&O Description This provides steps on preparing User Access Review for D365FO. Instructions 1. Extract data from DMF (Request to extract data who has access). Log a ticket to request for the following file from IT BAU Team (Refresh database to extract last login details from SQL and take screenshots). Extracted data thru DMF - a) User information, b) Security user role association, c) LastLoginDate Screenshot - a) User Information, b) Security User Role Association, c) DB Refresh/ SQL Data extraction for Last login date. b. Raise HR ticket for Master and Leaver's file information. Save a copy/upload in the SharePoint the screenshots for Audit purposes. 2. Gather data. Once all the required data is gathered upload the same in SharePoint for audit references. 3. Consolidate Source File. Prepare the consolidated source file based on different files using Excel formulas. 4. Perform user terminated check, line manager check & terminated not found checks manually. 5. Create/update different sheets in the access rectification tool and execute the same. 6. Macro Tool. Generate output files per line manager. Trigge",
KB0029469,Dynamics F&O | How to Resolve INT-AR-009/Error code: 38-996-999—,L2,Dynamics F&O,,Unmapped,Dynamics F&O | How to Resolve INT-AR-009/Error code: 38-996-999—,
KB0025527,How can I change my center pictures on Customer Portal?,L1,Customer Portal (MyRegus),,Unmapped,"How can I change my center pictures on Customer Portal? Application / Service Customer Portal Details If the Center team is requesting to change the center pictures on Customer Portal, or they are stating that the provided pictures are wrong on Myregus/ myspacesworks, please advise them that - the center room type pictures are generalized commonly for all the centers. These pictures cannot be changed, as they are predefined for all type of bookings in any center. This is working as designed. Additional Information For other type of changes for the center, like description, Location, Center facilities please contact - OPS Help - How can I change my centre details in the Teams > IWG > Centres, MyRegus, websites, SalesHub, and all systems? | ServiceNow (service-now.com)",
KB0025380,End Date for Virtual Office bookings not being shown correctly.,L1,Customer Portal (MyRegus),,Unmapped,"End Date for Virtual Office bookings not being shown correctly. If a user is having issues with End Date not being shown correctly on Customer Portal for Virtual Office bookings. If the booking is VIRTUAL OFFICE type of booking this is as designed. For Virtual Office bookings, CP will show ""Renews on [date] ""even if the booking is terminated. Yellow background around the agreement in CP shows that booking is terminated. Booking from screenshot above is terminated:",
KB0027051,Common Issues in Employee Data Integration for Dynamics F&O Worker Records.,L2,Dynamics F&O,,Unmapped,"Common Issues in Employee Data Integration for Dynamics F&O Worker Records. Application / Service Power Automate Issue Symptoms / Error Introduction Using Power Automate, a cloud-based workflow retrieves all employee adds, moves, and changes from Proton/Service Bus to create or update worker records in Dynamics F&O. This ensures employee records are accurate and up-to-date, enabling seamless use in Purchase Orders, Invoice Approval workflows, and upcoming expense processes. The primary workflow is named 'H2R|Main|Manually' and is located in the 'H2R Sync PRD' environment. Issue Symptoms / Error Errors may occur in the integration process for an employee's information. This document provides guidance on identifying potential issues and steps to resolve them. Resolution To investigate an error in the integration process, access the 'H2R|Main|Manually' workflow and review its execution log. Follow these steps: Open the workflow in the H2R Sync PRD environment. Navigate to the 'All runs' section by selecting the corresponding button, as illustrated in the screenshot below. This will provide access to the detailed execution logs for troubleshooting. To isolate failed executions for trou",
KB0020219,Account not visible in MyRegus,L1,Titan,,Unmapped,"Account not visible in MyRegus Application / Service Titan Description Account not visible in MyRegus Instructions Please follow the steps given below to check the status of the OSA when the account is not visible in Myregus/Titan 1. Open OSA URL 2. Scroll down 3. At the bottom right you should see a message indicated “ Signed on [DATE ]” a. If it is NOT Signed , please ask the staff to reach out to the customer to sign the OSA. b. If Signed, Go to Titan UI 4. Admin > Replay OSA > enter Pivotal reference to the left of the screen and hit GO 5. Click on View to see the failure message a. To resolve this incident, 3 options are available: b. Click on the ‘ Replay’ button, if this still fails, please proceed with one of the following options: 1. Send a new OSA to the customer to resubmit. This should be done by the staff who raised the SNOW ticket. Or 2. L1 should approach GSC Team (GSC.TitanSupport&#64;regus.com) to load the booking manually. Note : If you have to go very often to GSC Team for loading bookings, please raise a MST ticket and contact OSA development team.",
KB0029264,AHD Team Guide: Account Termination (Ending an Agreement),Customer Support,Payments,,Unmapped,"AHD Team Guide: Account Termination (Ending an Agreement) Summary Guides AHD in supporting customers who want to end their agreement after Aurora. Purpose Ensures AHD follows the correct process for agreement termination queries after Aurora and Help submission have been completed, while maintaining compliance with customer self-service requirements. Self-Help First (Customer Requirement) Confirm the customer has already: Used Aurora Chat Assist Submitted a case via the Help section Customers must complete termination via the Customer Portal: Go to Account > Products and Services > Workspaces and Services Select the agreement Click ""End Agreement"" AHD Ticket Handling: If the ticket requires assistance from the GSC team, assign it to GSC Care within CRM for further investigation. Required Details Customer email & company name Agreement details (product / location if available) Requested termination date Screenshot or issue description (if unable to terminate) What You Can Request Assistance with ending an agreement Issues accessing the ""End Agreement"" option Questions about notice period or termination timing Guidance on retainer return process Key Information to Share with Customer",
KB0037197,How do I request payment allocation for a customer via email or Customer Portal (MyRegus),Customer Support,Payments,,Unmapped,"How do I request payment allocation for a customer via email or Customer Portal (MyRegus) Summary: This article guides users regarding payment allocation and queries on remittance advice with an available proof of payment. Purpose: This article provides the correct path on how to request payment allocation along with proof of payment, CC slip and Collection Report. Instructions: Centre Team to send email to respective mailbox, attaching the Collection report, cc slip or a valid proof of payment such as a receipt or document from the bank supporting the completion of the payment. Cheque.Remittance@regus.com CC.Remittance@regus.com US.Wires@regus.com emea.menordics@regus.com UK.AccountsReceivable@regus.com 2. Via Customer Portal request can be logged via Myregus>Billing and Payments>Upload Financial Documentation. To ensure that valid proof of payment such as a receipt or document from the bank supporting the completion of the payment. 3. Follow steps under https://iwg.learn.link/content/5f9048a6ad634100100c9e72 on how to escalate the task to GSC Support team.",
KB0020215,Service Suspension Email,L1,Titan,,Unmapped,"Service Suspension Email Application / Service Titan Description Service Suspension Email Instructions If customer receives an email with the following format, Please contact Graham.thompson . These emails are sent by external services, debt collector agency.",
KB0010780,Error when generating titan report,L1,Titan,,Unmapped,"Error when generating titan report Application / Service Titan Details Error when generating report in Titan: ""Adobe Reader could not because it is either not a supported file type or because the file has been damaged"" Steps to Fix: 1. On your Google Chrome browser, go to "" Settings "" 2. On the left side menu, click on "" Advanced "" then click on "" Downloads "" 3. Turn on "" Ask where to save each file before downloading "" If you see "" Open certain file types automatically after downloading "", press the "" Clear "" button Note: You can also set your OneDrive to be the default st orage location for downloaded files.",
KB0033026,How to logout and login to Team Hub?,End User,Process Enquiry,,Unmapped,"How to logout and login to Team Hub? Instructions To Log out: 1. Open your TeamHub application. On the lower-left portion of the screen, click to Log Out. 2. Click Yes to confirm. To Log in: 1. Open Team Hub. 2. Sign in with your IWG credentials when prompted. 3. Choose personal device as device type",
KB0027211,Titan | Invoice currency conversion on invoice details pdf  calculated incorrectly,L1,Titan,,Unmapped,"Titan | Invoice currency conversion on invoice details pdf calculated incorrectly Application / Service Titan Issue Symptoms / Error Client claims incorrect calculation is seen on Invoice PDF copy Resolution According to BS-2201: Invoice Amount Round Off - Dual Currency Countries The calculation of exchange rate is applied on unit amount, then it gets rounded, and then multiplied by quantity. Unit Amount =$0.16 per print they ordered Quantity = 6 prints Exchange rate => 1 $ = 39.9205 грн First Apply Exchange Rate on unit Amount = $ 0.16 * 39.9205 = грн 6.387280 The do the rounding = Round (грн 6.387280 , 2) = грн 6.39 Now multiply with the Quantity = грн 6.39 * 6 = грн 38.34 Additional Information Reference tickets: MST (JIRA): MST-60696",
KB0020205,Customer Account Not Showing in Customer Portal,L1,Customer Portal (MyRegus),,Unmapped,"Customer Account Not Showing in Customer Portal Application / Service Customer Portal & Titan Description Please follow the below steps to do a mock update on the client's account so that it can be visible in Customer Portal. Instructions Open Titan then click on Client Search Search for the user using the contact ref / If none get the company ref and name of the user Click search contact or search company after that click Edit Company On Company Details, update the address field, just put anything like add number 1 After that click on Correct Click on Edit Company again and then remove the changes that you did Click Correct after that. Click on List Contacts and open one of the contacts On Contact Details, update the address field, just put anything like add number 1 After that click on Correct Click on Edit Details again and then remove the changes that you did Click Correct after that. Repeat steps 8-12 for all contacts within the company Check Myregus or New Myregus then look if its now ok. If the issue is still the same proceed to step 15 Report the issue to Dev Team Note: Beside mock update, we should check whether the company is registered on Customer Portal.",
KB0020639,Restrict Services,L1,Team Hub,,Unmapped,"Restrict Services Application / Service TeamHub Details Users might get the following error when clicking on ""Restrict Service"" button When Restrict services option is NOT available for the following countries: Country CountryName 605 Argentina 606 Australia 607 Austria 609 Belgium 611 Canada 612 Chile 613 China 615 Cyprus 616 Czech Republic 617 Denmark 618 Egypt 619 Finland 620 France 621 Germany 622 Greece 623 Guatemala 624 Hungary 625 India 626 Israel 627 Italy 628 Japan 629 Luxembourg 630 Malaysia 632 Morocco 633 Netherlands 634 Norway 635 Panama 636 Peru 637 Philippines 638 Poland 639 Portugal 640 Republic of Ireland 641 Romania 642 Russia 643 Saudi Arabia 644 Singapore 645 Slovakia 646 South Africa 647 South Korea 648 Spain 649 Sweden 650 Switzerland 651 Thailand 652 Tunisia 653 Turkey 655 United Arab Emirates 656 United Kingdom 657 United States of America 658 Vietnam 662 Bangladesh 663 Bulgaria 664 Bahrain 672 Brunei 675 Botswana 678 C&ocirc;te d'Ivoire 686 Costa Rica 689 Cayman Islands 690 Djibouti 692 Dominican Republic 693 Algeria 694 Ecuador 697 Estonia 704 Georgia 705 Ghana 706 Gibraltar 716 Guyana 717 Hong Kong 719 Honduras 720 Croatia 722 Indonesia 726 Iraq 729 Jorda",
KB0010905,Satellite CDR were tagged for HUB (Problem #1316),L1,Team Hub,,Unmapped,"Satellite CDR were tagged for HUB (Problem #1316) Application / Service TeamHub Details Scenario: Satellite Centre reported that they are not getting any reports from Datapulse. Instead, you see the data coming up in the HUB centre. Symptoms: &middot; Centre is a Satellite &middot; CDR is showing on the Hub Centre Incident/Ticket can now be raised to Voice Services for further resolution. Details of the Workaround are provided here.",
KB0037167,How do I update VAT exemption set up for a customer,Customer Support,Payments,,Unmapped,How do I update VAT exemption set up for a customer Summary : This article guides users on how to raise a request to exempt customer account from VAT Tax with certification and subject to the Tax advisor's approval. This also includes how centre team can request a removal of the customers tax exemption. Purpose : The purpose of this article is to guide users to the correct path to open a ticket to request VAT exemption or removal of VAT exemption for a customer. Instructions : Go to TeamHub > Company > Log a task > Set up tax exemptions Follow steps under https://iwg.learn.link/content/5f9048a6ad634100100c9e72 on how to escalate the task to GSC Support team.,
KB0027072,TITAN |  Priority Internet Service Billing,L1,Titan,,Unmapped,"TITAN | Priority Internet Service Billing Application / Service TITAN - Priority Internet Service Details Priority Internet is an IT service that we offer to our customers as an auto opt-in service. Whenever a customer gets a long-term booking or a coworking, if Priority Internet is marked as mandatory in that country catalogue and the centres has the service available and it is marked as ""auto opt-in"", the service will get automatically added into the customer's account. How can we know if Priority Internet is mandatory in a country catalogue? Titan > Admin > Service Pricing > Service Catalogue: look for the ""Service catalogue"" > Service Category: IT Services > Service Name: Priority Internet (service ID 9239). Long Term Office and Workstation are enabled in the Mandatory Recurring Services section. Notes: In some countries, Workstation is not enabled. This depends on Business logic and it's Titan admins who maintain it The date indicates when the service was made mandatory for that country catalogue Priority Internet is billed in arrears as all mandatory services. This means that ""Override Advance Bill Quantity"" needs to be set as 0 If the service is not marked as mandatory in th",
KB0029023,How to Resolve INT-AR-002/Error code: 1-7-,L2,Dynamics F&O,,Unmapped,How to Resolve INT-AR-002/Error code: 1-7-,
KB0029053,How to Resolve INT-AR-002/Error code: 8-,L2,Dynamics F&O,,Unmapped,How to Resolve INT-AR-002/Error code: 8-,
KB0029040,Dynamics F&O | How to Resolve INT-AR-003/Error code: 12-0-.,L2,Dynamics F&O,,Unmapped,Dynamics F&O | How to Resolve INT-AR-003/Error code: 12-0-.,
KB0026617,Titan | Booking issue | Confirmed shortstay/DO booking was cancelled by the system,L1,Titan,,Unmapped,"Titan | Booking issue | Confirmed shortstay/DO booking was cancelled by the system Application / Service TITAN Details Description: Confirmed short-stay/DO booking was cancelled by the system ISSUE: Whenever a booking is created, a confirmation mail is sent to the client, but on the day of the booking it is not visible in TeamHub. EXPLANATION: This happens when an account is suspended after the booking was created, system cancels the short-stay or day office booking. For long term booking, the services are marked as restricted. This is as designed. Illustration of the case Kindly refer to the below attached screenshot. The booking ref: 150709313 was created on 13th Sep 2024 and the company from which the booking was created got suspended on 16th September 2024. As the company was suspended, the short-stay booking will be automatically cancelled by the system. (As Designed) And for Long term Office the booking will be set under restricted. Additional Information",
KB0021239,How to view the History Records of the Membership customer Check in/out,L1,Team Hub,[Bookings (Products) - Short Stay] Unable to check in/out on TeamHub,Medium,"How to view the History Records of the Membership customer Check in/out The customer Check in/out history record can be retrieved from Titan System. https://iwg.learn.link/content/5f9048c1ee985a00106a3b00 Note: Where can I check membership details in My Regus / My Spacesworks to determine what benefits they are entitled? ► Search for the customer via Staff Mode on My Regus / My Spacesworks > Account > Products and services > Membership. You should also check the 'Customer Care Notes' section in MyRegus / MySpacesworks whilst in staff mode as certain Members (e.g. Enterprise Plan customers) may have specific processing and invoicing actions. How will you know when to charge for a visit, if say a 5 Day Platinum user exceeds his subscribed benefit? ► All customer visits are tracked automatically and will advise the member if they have exceeded their free day allowance at the point of reservation and will make a booking with a discounted daily rate for their stay at your centre. This charge should then show on the reservation and should be collected from the customer on check out.",
KB0037153,"How do I request help concerning Statement of Account (SoA), Balance Mismatch Issues in Customer Portal, Invoice Payment Status and Credit Notes Missing in Customer Portal",Customer Support,Statement of Account,[SOA] Balance Mismatch,Medium,"How do I request help concerning Statement of Account (SoA), Balance Mismatch Issues in Customer Portal, Invoice Payment Status and Credit Notes Missing in Customer Portal Summary : This article guides centre teams through the steps on how to address issues concerning statement of account (SoA), balance mismatch issues in Customer Portal, invoice payment status and credit notes missing in Customer Portal. Purpose : The purpose of this article is to guide centre teams on the correct approach for concerns related to statement of account (SoA), balance mismatch issues in Customer Portal, invoice payment status and credit notes missing in Customer Portal. Self-Help Before submitting a request: Consult your centre team to confirm whether the issue has already been raised. Please do not raise duplicate tickets for the same issue. How to Raise a Ticket Community/Centre Team or Account Helpdesk Users : Please advise the customer to raise a ticket on the Online Help If escalation is needed: Follow the guidance from the Escalation Process link If GSC AR advises an IT case, they will raise it on your behalf. For GSC Support Team Members (when IT support is required): 1. Gather all relevant da",
KB0037183,How do I request telephony services for customers,Customer Support,Products & Services,,Unmapped,"How do I request telephony services for customers Summary : This article guides users on how to request the following actions for OOMA Soft Phones (Call Functionality) for customers: Billing Softphones services to client Provisioning Softphone Services Change on Softphone services Termination of Softphone Services Purpose : This article provides the correct approach for requesting billing, provisioning, change and termination of telephony services for OOMA Soft Phones (Call Functionality) for customers. Instructions : Go to Teamhub > Help > Raise Support Requests > Technology and Systems > Request a service > Telephony requests > Telephony services requests > Softphone Telephony Follow steps under https://iwg.learn.link/content/5f9048a6ad634100100c9e72 on how to escalate the task to GSC Support team.",
KB0029054,How to Resolve INT-AR-002/Error code: 996-999-,L2,Dynamics F&O,,Unmapped,How to Resolve INT-AR-002/Error code: 996-999-,
KB0029035,How to resolve INT-AR-013/Error code: 996-,L2,Dynamics F&O,,Unmapped,How to resolve INT-AR-013/Error code: 996-,
KB0022575,Statement of Account Process Flow,L1,Titan,,Unmapped,"Statement of Account Process Flow Application / Service Customer Portal & Titan Description Process flow for the issues related to Balance Mismatch, Opening Balance correction, Payment Allocations Instructions Community teams may submit their requests for support with SoA balance mismatch through TeamHub > Log a task > Payment Reallocation GSC AR will reconcile account and identify the root cause. If it's an opening balance change, GSC AR will process the update in Titan If it's a payment allocation need, GSC AR will process the payment allocation. If it's a true IT issue, GSC AR will open a ticket to IT Finance (Technology and Systems > Report an issue > Applications > Finance Applications issue > PS Finance or SUN > Balance mismatch) If a ticket is opened with AHD, they have a process to work directly with GSC AR to achieve the same as above. If a ticket is opened with Ops Support, we can reconcile and determine the root cause and submit on behalf of the community team for the needed correction: If it's an opening balance change, a Payment Reallocation ticket to GSC AR to update in Titan If it's some IT issue, a ticket to IT Finance And, the Balance Mismatch path under Applicatio",
KB0020286,Invoices are not displayed in Previous Invoices page,L1,Team Hub,,Unmapped,"Invoices are not displayed in Previous Invoices page Application / Service TeamHub Details Please follow the below given instructions to check the issue when Invoices are not displayed in Previous Invoices page Ask for the invoice number (example: 284/26699) and the centre number. Confirm that the centre number is matching the first numbers before the slash. (example: 284 /26699) If the centre number is different from the invoice number, for example: centre number is 287 and the invoice number is 284 /26699 those invoices wont show and tool is working as designed. If centre number is the same as the invoice number, example: centre number is 284 and invoice is 284 /26699 an MST should be raised.",
KB0028493,Network Devices Registration & Login – Troubleshooting Guide,L2,Customer Portal (MyRegus),[Network devices] Network devices registration/login,Medium,"Network Devices Registration & Login – Troubleshooting Guide Network Devices Registration & Login - Troubleshooting Guide Summary: This KB explains how to handle common issues customers face when managing network devices (e.g., MAC address registration, device settings, and Priority Internet access). It covers key troubleshooting scenarios, data validation techniques, and when to escalate. 1. 🗑 Unable to Delete MAC Address from Customer Portal 2. ➕ Duplicate MAC Address Error During Add 3. 📊 Missing Priority Internet Settings Button 4. 🔁 MAC Addresses Expiring Every 7 Days 🧰 Database Validation Queries 🧾 Knowledge Base References 📌 Common Scenarios & Resolutions 1. 🗑 Unable to Delete MAC Address from Customer Portal Issue: Customer attempts to delete a MAC address but observes that it remains listed. Clarification: * Deletion actually marks the MAC address as expired, not immediately removed. * It remains in the system for 90 days (short-term bookings) or until the agreement end date (long-term). Automatic Removal: * After expiration, a background task removes the MAC from the database. Manual Deletion: * Requires a Titan hotfix - cannot be done via Titan UI. 2. ➕ Duplicate MAC Add",
KB0037184,How do I request an update or correction of an IT Service Charge,Customer Support,Products & Services,,Unmapped,"How do I request an update or correction of an IT Service Charge RETIRE REASON: As requested by Jemma Brackley. The SR Catalog Item no longer exist. 3Aug2026 Summary : This article guides users how to request billing concerns for IT service such as: Credit request Asking for additional information Billing request for Legacy IT Package, only maintaining old customers Purpose : The purpose of this article is to provide the correct approach for requesting an update or correction of IT Service Charge for customers. Instructions : Go to Teamhub > Help > Raise Support Requests > Technology and Systems > Request a service > IT Billing requests > Request/Concerns related to IT Service Charge Follow steps under https://iwg.learn.link/content/5f9048a6ad634100100c9e72 on how to escalate the task to GSC Support team.",
KB0027217,How to check if payment card is mandatory while booking?,L1,Customer Portal (MyRegus),,Unmapped,"How to check if payment card is mandatory while booking? Application / Service Customer Portal/ Titan Details If the client is able to make a booking for any centre/ inventory without adding a payment card on their account, or even if they are unable to proceed the booking without adding a payment card, L1 team should follow the below steps to troubleshoot this kind of issue from Titan - 1) Go to Titan> Admin > Titan Admin Support 2) Select Centre Setup from the given tiles on the top of that page. 3) Go down, and check if the payment card is set to mandatory for the client's home centre or not. If the payment card is set to mandatory (tick on check box) , it will be working as expected if client is getting an error while booking. Note - Kindly recheck if the center is set to client's home centre when troubleshooting for this issue.",
KB0020812,Verify Classification/Customer Type,L1,Titan,,Unmapped,Verify Classification/Customer Type Issue description : Contact’s membership is “office classification”. These are only entitled free visits in day office and day campus products. This scenario explains how to check the Customer Type since each one is entitled to different Business Rules depending on the country . Go to Titan UI Clients Enter Company Reference Click on View In company details you will see the Customer Type and Corporate Venture Verify the Customer Type and Corporate Venture Benefits and restrictions for Customer Type and Corporate Venture are based on the country Business Rules,
KB0037805,IWG Card possible issues - Access to Office Failed,Customer Support,IWG Card,,Unmapped,"IWG Card possible issues - Access to Office Failed Access to office failed is an issue related to using the IWG Card to enter workspaces such as offices. If a Salto e-lock does not grant access when the customer swipes their card, customers will raise a query to Community Teams, who will provide support. Once the Community Team receives the query from a customer that cannot access their office, before raising an IT ticket they need to make the following troubleshooting checks 1. Check if the customer has an IWG Card activated in their online account. If not, ask the customer to activate it. 2. Ensure that the customer trying to activate the card is not ""Inactive"" or their booking has ended. Otherwise, the customer will not be able to use their IWG Card to access offices. 3. Check in Access Control Application (ACA) if the card is assigned to the right contact. Follow the next steps: If a result is displayed, access the tag details If the tag's Access Method field is ""Access Card"", the card has been activated. If the tag's Access Method field is ""Tag"" but the card was successfully activated on customer's online account, there has been an error and an IT ticket must be raised. If no",
KB0019961,Client can not add name of the company to reissue invoices something goes wrong error,L1,Customer Portal (MyRegus),,Unmapped,"Client can not add name of the company to reissue invoices something goes wrong error Reissuing Invoices due to Company Name Change If customer changes their company details (address, name or/and VAT number), they have option to reissue their last 3 issued invoices, this includes their retainer statement (where applicable) via their IWG online account. The system will only reissue invoices that are issued after the selected effective date of the changes. These changes can be made by customer directly in their online account or the center team can do in via the staff mode. If the client is not able to add the name of Company when trying to re-issue invoices, there is an error stating &#34;something Went Wrong&#34; That is because - Phone number is too short or the Pincode/Zip code is not correct, or VAT number is Invalid Ex - MST-41281 INC0197059-Client can not add name of the company to reissue invoices something goes wrong error",
KB0036083,Teamhub | Unable to View All Tickets,End User,Process Enquiry,,Unmapped,"Teamhub | Unable to View All Tickets Dear User, You might get the following issues while trying to access the ""View all tickets"" option via TeamHub: 1. Browser not loading Solution : Right click in any place of the canvas App (white space) and click on "" Refresh "" option. Logout and Login from TeamHub. If the issue continues, please raise a case under TeamHub Application. 2. App not found: Solution : Right click in any place of the canvas App (white space) and click on "" Refresh "" option. Logout and Login from TeamHub. If the issue continues please raise a case under TeamHub Application. Note - A video has been attached to demonstrate the steps taken to resolve this issue. Pls see below: 3. Missing License: Solution : Please Logout and login from TeamHub",
KB0020815,Verify Pricing Matrix in Business Rules,L1,Titan,,Unmapped,Verify Pricing Matrix in Business Rules Issue description : Some prices are determined by Business Rules. The following steps show how to verify the prices for the different bookings based on the Business Rule of each country . Go to Admin -> Business Rules Filter by the country Business Rule. Select the Business Rule and wait for the page to load From the tab select the Booking type Scroll down to see the Client promotions,
KB0029038,How to Resolve INT-AR-003/Error code: 11-12-0.,L2,Dynamics F&O,,Unmapped,How to Resolve INT-AR-003/Error code: 11-12-0.,
KB0029432,BS-13048 – Israel 856 Form WHT – Solution Reference Guide,L2,Dynamics F&O,,Unmapped,"BS-13048 – Israel 856 Form WHT – Solution Reference Guide Application/Service Dynamics 365 Finance & Operations (D365FO) Purpose This article provides a functional and operational reference for BS-13048 - Israel 856 Form WHT (Withholding Tax) . The solution enables D365FO to generate the Israel 856 Form Withholding Tax (WHT) report required by the Israeli Tax Authority (ITA). The report is generated annually and contains withholding tax information deducted from supplier payments during the reporting year. This knowledge article serves as a reference for IT Support teams to understand the solution design, business process, report generation process, data sources, configuration requirements, and support considerations. Solution Overview Business Requirement Israeli Tax Authority (ITA) compliance requirement. Mandatory generation of Form 856 Withholding Tax (WHT) report. Annual reporting of withholding tax deductions made against supplier payments. Automation of a previously manual process that required data extraction, validation, and report preparation from multiple sources. Current State WHT reporting process was previously performed manually. Data was extracted from Dynamics and",
KB0020907,Getting wrong Manager's name under TeamHub User account,L1,Team Hub,,Unmapped,Getting wrong Manager's name under TeamHub User account User recently moved to a different center and noticed that the manager's name displayed in the team hub has not been updated. User requests to update the managers name in Team Hub Solution : User to contact HR team to make the change.,
KB0020933,"Getting ""Incorrect Charge"" for a Service on the Unit Price field on Team Hub",L1,Team Hub,,Unmapped,"Getting ""Incorrect Charge"" for a Service on the Unit Price field on Team Hub Service is being incorrectly charged on Teamhub Reason: Price has been setup on Titan for that service Solution : Reach out to Titan Admins Team if adjustment is needed. Link to raise a ticket: https://iwgprod.service-now.com/sp?id&#61;sc_cat_item&sys_id&#61;075f5a0b87ccc950ed48620c8bbb35b8&sysparm_category&#61;9bdfd40287cf7410a310baaabbbb35c0",
KB0033049,Unable to edit company details in Team Hub?,End User,Process Enquiry,,Unmapped,"Unable to edit company details in Team Hub? Instructions Edit Company option has been removed based on the recent Team Hub Business Solution. From now on, Edit Company must be done via Customer Portal for Customers or Centre Staff to amend Company Details. Please proceed to make changes via customer portal or Centre Staff to amend Company Details. If you are facing any issues in customer portal while doing editing the company details, please log an IT Case by going to IWG Genie.",
KB0020934,Client would like to change from MTM agreement on Team Hub,L1,Team Hub,,Unmapped,"Client would like to change from MTM agreement on Team Hub Client would like to change from MTM agreement to 12-months agreement starting from 1st October 2023. However, the start date is greyed out Reason : Since they are processing renewal that's expected (as designed). TeamHub defaults to the first next day after previous agreement. Solution : Contact Billing team to make the change. Link to raise a ticket to GSC Billing Team: https://support.iwgplc.com/sp?id&#61;sc_cat_item&sys_id&#61;b84626e687788190a310baaabbbb35b0&sysparm_category&#61;e8723e45870b0150ed48620c8bbb3564",
KB0037185,How do I request the activation of IWG Cards or the change of access rights,Customer Support,IWG Card,,Unmapped,"How do I request the activation of IWG Cards or the change of access rights RETIRE REASON: As requested by Jemma Brackley. The SR Catalog Item no longer exist. 3Aug2026 Summary : This article guides users on how to request the following actions for IWG Card: Creation and activation for center teams Change or amend the access for clients Purpose : This article provides the correct path for requesting IWG Card access and activation for centre or clients, or how they can change or amend access for customers. Instructions : Go to Teamhub > Help > Raise Support Requests > Technology and Systems > Request a service > Center Technology requests > IWG Card request Follow steps under https://iwg.learn.link/content/5f9048a6ad634100100c9e72 on how to escalate the task to GSC Support team.",
KB0020951,User is missing buttons in TeamHub Windows version but present in Mobile version,L1,Team Hub,,Unmapped,"User is missing buttons in TeamHub Windows version but present in Mobile version Application / Service TeamHub Issue Symptoms / Errors Missing buttons in TeamHub Windows version but present in Mobile version. User is able to see all the buttons in its MOBILE TH version only. Resolution Logout and Logging in, if still facing the issue please request Windows team to reinstall TH.",
KB0020729,Delete Service fee,L1,Titan,,Unmapped,"Delete Service fee Application / Service Titan Description Delete Service fee Instructions To Delete Service Fee from account profile, go to services - daily services AHD will be able to amend quantity and price. Titan Admins can help with service configuration. Please reach out to GSC Titan Admin via GSC.TitanSupport&#64;regus.com",
KB0020708,Client not receiving NPS Survey emails,L1,Titan,,Unmapped,Client not receiving NPS Survey emails Application / Service Titan Details Net Promoter Score (NPS) email is sent to request customers to answer a short question and rate you on the scale of 0-10 Please reach out to GSC Titan Admins Via GSC.TitanSupport&#64;regus.com,
KB0038114,How to Opt-Out from Priority Internet,L1,Customer Portal (MyRegus),,Unmapped,"How to Opt-Out from Priority Internet For countries who are part of the Global Launch for Priority Internet Auto 'Opt in ' service, all new customers will be automatically setup with Priority Internet, at centres that are Priority Internet enabled. (same as the Unlimited Coffee & Tea service) Customers can 'opt out' of this service by emailing services@iwgplc.com or you can send an email for them to have the billing and service removed. If customers wish to add the service later on, they can do this and no set up fees will be charged to any customers taking the Priority Internet service. (Applicable from January 2025) For more information, please follow this - https://iwg.learn.link/content/6461ee77c76eeb00117a5531?pathwayJourney=646b3828b17ff400116c57e8",
KB0035508,Direct Debit option is not available / Greyed Out,Customer Support,Payments,,Unmapped,"Direct Debit option is not available / Greyed Out Direct Debit option is greyed out or not visible on Customer Portal when one out of these three conditions are not met - 1), Greyed out field is just option what type of payment methods are available. If customer is eligible for payment card and direct debit - drop down will be enabled and they will be able to choose between these two options. In the other case they can only add credit card, since we do not offer DD payment method for membership customers. Direct Debit card is only available for the following types of account: Office VirtualOffice Netspace OfficeCorporateAccount VirtualOfficeCorporate 2) If the client's home center is in one of the DD eligible countries. Below is the list of countries where the Direct Debit is eligible - ""CAN"", ""USA"", ""GBR"", ""AUT"", ""BEL"", ""FRA"", ""DEU"", ""IRL"", ""ITA"", ""LUX"", ""MCO"", ""NLD"", ""PRT"", ""SVK"", ""ESP"", ""DNK"", ""EST"", ""FIN"", ""LVA"", ""LTU"", ""SVN"", ""CHE"", ""AUS"", ""CZE"", ""HKG"", ""MYS"", ""MEX"", ""NZL"", ""PRI"", ""SGP"", ""ZAF"", ""MLT"", ""CYP"" If the client's country is not in above list then they will not be eligible to add the DD payment method in their account. It is working as designed. 3) When the client wan",
KB0019709,Remove Non key contact  ID from the invoice emails,L1,Customer Portal (MyRegus),,Unmapped,Remove Non key contact ID from the invoice emails Application / Service Customer Portals Details Non key contact Cleint ID was flagged to be CCed on Invoice emails in Titan and it need to be unchecked by the centre staff.,
KB0020730,Incorrect Phone number when OSA is generated,L1,Titan,,Unmapped,Incorrect Phone number when OSA is generated Application / Service OSA Details To check with center details which are in Titan and ask AHD or Titan Admins to update this phone number in UI go to Admin - center Admin - fill in center number scroll down till contacts section,
KB0029505,Why can't I book an office room until 11:59 PM? (Short Stay bookings end at 11:30 PM,L1,Customer Portal (MyRegus),,Unmapped,"Why can't I book an office room until 11:59 PM? (Short Stay bookings end at 11:30 PM Title: Why can't I book an office room until 11:59 PM? (Short Stay bookings end at 11:30 PM) Type: FAQ / Expected Behaviour Category: Bookings &rarr; Short Stay (Office Rooms) Audience: All customers booking Short Stay office rooms via the Customer Portal Why can't I book an office room until 11:59 PM? When booking a Short Stay office room through the Customer Portal, the latest end time you can select is 11:30 PM. There is no option to select 11:59 PM, which leaves a 30-minute gap between 11:30 PM and midnight (12:00 AM). This is expected behaviour, not a fault - the booking time selector has always worked this way. What you'll see When choosing an end time for a Short Stay office room booking, the last selectable option before midnight is 11:30 PM. If you're booking a period that spans midnight, you'll need two separate bookings - for example: Booking 1: 6:00 PM &rarr; 11:30 PM Booking 2: 12:00 AM &rarr; 6:00 AM The 30-minute window between 11:30 PM and 12:00 AM cannot currently be selected in the portal. Why this happens The booking time selector is designed to offer end times up to 11:30 PM as",
KB0020733,Issue with Automatic emails to customer,L1,Titan,,Unmapped,"Issue with Automatic emails to customer Application / Service Titan Details In spite of default invoice settings of the company, if an invoice (apart from monthly billing run) is raised manually, the tick box “ Email immediate invoice to customer “ should be selected to notify the customer. The Beverage invoice is raised manually by User 34395 AnnLeizl.Elnar. To send the email to the customer the “Email to customer” option should be ticked on Configuration: under Immediate Invoice Tab → New Invoice → Email immediate invoice to customer. Please see the screenshot attached:",
KB0020734,User confirms Renewal but no booking is created,L1,Titan,,Unmapped,"User confirms Renewal but no booking is created Application / Service Titan Description User confirms Renewal but no booking is created Instructions The renewal email has been sent to customer on the 12th July. That is seen on the Documents tab All the documents related to agreements (such as renewals, moves, etc) are stored in e-file and not recorded to e-mailing history of the contact.",
KB0020737,When the clients are expecting for invoice to be auto raised,L1,Titan,,Unmapped,"When the clients are expecting for invoice to be auto raised Application / Service Titan Details They are expecting invoices will be auto raised on 8th when they did the Move but they will not be raised on 8th immediately, they will be raised at end of month. If the company is set to monthly invoices, the invoice run will happen at the end of the month no matter which date the move was processed. Check company’s invoice terms under financial data tab. But if they are already invoiced manually, no invoice will be auto raised at the end of month.",
KB0029273,How to resolve INT-AR-060/Error code: 7-,L2,Dynamics F&O,,Unmapped,How to resolve INT-AR-060/Error code: 7- Application/Service Dynamics F&O Description How to resolve INT-AR-060/Error code: Error Text: Main account is missing Root Cause: Main account field is empty in the request message. Resolution steps for INT-AR-060/ 7-: Raise ticket to FINAPP to provide error key value. FINAPP to check using the key value and push the transaction. They will confirm once done. Validate in the Integration queue if the key value has been updated. Key value has been processed. Note: Sometimes they will require additional info - Main account and financial dimensions that we need to coordinate with GSC FIN ADMIN. Coordination with Other Teams: Team: FINAPPS/ GSC FIN Admin team Points of Contact (POC): Vignesh/Charrisa Action: Create a FIN ticket for FINAPP team Create a SNOW ticket for GSC FIN Admin team,
KB0027208,Provisional Booking was cancelled by the system,L2,Titan,,Unmapped,"Provisional Booking was cancelled by the system Application / Service Titan Issue Symptoms / Error Provisional Booking was cancelled by the system Resolution Provisional Booking was cancelled by the system because it was never Confirmed, working as expected Provisional Short Stay Booking was Cancelled by the TitanEvent Processor. Once the Reminder email was sent to customer and Centre Team, the Booking in question need to be confirmed. Additional Information Reference tickets: MST (JIRA): MST-57129",
KB0025428,Test knowledge article,L1,,,Unmapped,Test knowledge article,EMPTY BODY in source export
KB0020685,Price accepted by Price exception Team but is not showing in Team Hub,L1,Team Hub,,Unmapped,"Price accepted by Price exception Team but is not showing in Team Hub Application / Service TeamHub Details When there is an error "" Missing Price "" or the following message appears on Team Hub Kindly advise the user to raise a ticket through ServiceNow via Renewal Pricing so the price can be uploaded. Process for missing price: If the the required price is not accepted by TH, advise the user to raise a ticket through ServiceNow via Renewal Pricing so the price can be uploaded as well. If the price is uploaded and TH is still not accepting it, raise MST with Pricing team confirmation email.",
KB0027721,Agreement renewed without client action,L1,Customer Portal (MyRegus),[Bookings (Products) - Short Stay] Agreement automatically renewed without client's action,High,"Agreement renewed without client action Application / Service Customer Portal Details Agreement automatically renewed without client clicking on Renew button in the email Client wil receive multiple reminders for their agreement needing a renewal. All of these email have 2 buttons, Accept Renewal and Decline Renewal. While Accept Renewal button is straight forward and it will just process the renewal, Decline Renewal will terminate the current agreement with the End Date that is set for it. In cases where users are ignoring these email and do not click on anything the following will happen: If the agreement is Auto-Renewing (can be checked on Titan UI) the agreement will renew automatically by NDD date If the agreement is not Auto-Renewing it will become inactive once the End Date is passed. Additional note: If the customer is suspended when the reminder email is set to be sent out (NDD-21), email will not be sent. But if the customer is reinstated before the agreement is supposed to be auto-renewed, agreement will be renewed even if the email was never sent to them. Additional Information <Add links to more resources such as a page in the product documentation, SharePoint sites, r",
KB0035463,Why does Event space does not appear on the TeamHub?,End User,Process Enquiry,,Unmapped,"Why does Event space does not appear on the TeamHub? Application / Service Team Hub Issue Symptoms / Errors Event space does not appear on the TeamHub. User logged into TeamHub, looked for the full size Event space in the list of meeting rooms and couldn't find it. In titan there is a meeting room ""FULL SIZE EVENT SPACE"" but this option is not in TeamHub Cause The inventory Event Space Full Size is NOT returned because it is a meeting room configured only as event space . It was implemented under the ticket PAPI-49065 that such inventories are not returned by search, based on the specifications below: Resolution It is possible that this inventory isn't properly configured. User to reach out to Titan Admins via email GSC.TitanSupport@regus.com",
KB0028471,Error while creating tickets from Myregus application,Customer Support,Help & Inbox,,Unmapped,"Error while creating tickets from Myregus application If the center staff is creating a ticket on behalf of a customer, from their account on Myregus. The selected question/topic is not one of the allowed exceptions for Staff. 1) My Invoices & payments > A payment or payment reminder I have received > I have a credit balance on my account which I would like returned 2) My Invoices & payments > A payment or payment reminder I have received > I am unable to make a payment (technical issue) 3) My Community team, facilities, and services > Service > Business Continuity service If any of the above topics are selected by the center staff, the application will display an error on the page and prevent ticket creation. For these topics, customers are required to log in and create the ticket themselves through their own accounts.",
KB0033317,No Internet Connection Error while opening Team Hub,End User,Process Enquiry,,Unmapped,"No Internet Connection Error while opening Team Hub Issue TeamHub shows a ""No Internet Connection"" error even though the device is connected to Wi-Fi. Cause The error occurs when WLAN data usage for the TeamHub app is disabled in the device's Wi-Fi settings. When this setting is turned off, TeamHub cannot use the Wi-Fi connection. Resolution Follow these steps to re-enable WLAN data access for TeamHub: Click Start on your device. Search for Wi-Fi settings and open it. Select Choose apps that can use your WLAN data . Find and click TeamHub in the list. Enable WLAN data usage for the app.",
KB0020686,Unable to see the filed leaves of my direct reports in TeamHub,L1,Team Hub,,Unmapped,Unable to see the filed leaves of my direct reports in TeamHub Application / Service TeamHub Details Users are not able to see Leaves on report because Team Hub users have to update their status in Team Hub accordingly everyday so the status can be shown in the report.,
KB0029344,Unable to edit company details on Customer Portal,L1,Customer Portal (MyRegus),,Unmapped,Unable to edit company details on Customer Portal The lack of an edit company details button is as designed. There are no issues with the application.,
KB0029119,Amend Agreement – Downgrade Policy & Implementation,L1,Team Hub,,Unmapped,"Amend Agreement – Downgrade Policy & Implementation 📌 Overview This Knowledge Base article explains how the Amend Agreement functionality works in the Move Office journey, including downgrade restrictions, pricing logic, confirmation behaviour, and OSA generation flow. This document is intended for L2/L3 support teams to understand the implemented business rules, expected system behaviour, and validation logic when troubleshooting Amend Agreement scenarios. 🧭 Functional Summary Amend Agreement allows modification of existing long-term agreements by moving offices within the same centre. Key implementation rule: 👉 Customer initiated journeys cannot perform downgrades. 👉 Centre initiated journeys can perform downgrades and send OSA. This behaviour is implemented intentionally and is NOT a defect. 🔐 Downgrade Policy (System Behaviour) Customer Initiated Move When a customer attempts to move to a cheaper office: System blocks the journey. Customer sees the message: ""Out of policy - This office move cannot be completed as it will result in a downgrade."" Reason: Customers are restricted from lowering agreement value directly. Allowed Scenario for Customers Customers CAN continue if: They",
KB0025441,Issues related to View All Tickets (PowerApp) in TeamHub,L1,Team Hub,,Unmapped,"Issues related to View All Tickets (PowerApp) in TeamHub Application / Service TeamHub Details Any issues related to PowerApp (uploading documents, posting comments, etc.) inside TeamHub are not related to TeamHub. These issues should be routed to PowerApp team. Only functionality that should be checked from TeamHub side is that PowerApp actually starts and opens. For example, user unable to add a comment on their ticket in PowerApp is not an issue related to TeamHub: Additional Information",
KB0023694,How to Provision User Access in Dynamics 365 F&O Using RBAC,L1,Service Desk SOP,,Unmapped,"How to Provision User Access in Dynamics 365 F&O Using RBAC Application / Service Dynamics F&O (D365FO) Description This article explains the process for granting user access in the Dynamics 365 Finance & Operations (D365FO) PROD environment, ensuring alignment with the Role-Based Access Control (RBAC) model. When a request ticket is submitted through the ServiceNow portal , confirm that the following required details are provided: Email approval from the Responsible Business Lead , based on the RBAC Business Function List below. The user's IWG Business Functions (Department), Responsible Business Lead (Group Lead) , and corresponding Job Function . Any additional details required to process the request. The following is a summary of the latest RBAC Matrix , organized by IWG Business Function. For the complete RBAC Matrix, including Entra Group Job IDs and assigned roles, refer to the attached RBAC Matrix (Excel). Confluence RBAC Matrix: https://regusit.atlassian.net/wiki/spaces/IE/pages/5161484292/ADM+-+User+Security+RBAC+design. Format: IWG Business Function - Responsible Business Lead (IWG Job Functions) General Accounting - Kenneth Sarmiento (AG, AG-Combine, AG-Lead, AG-Russia,",
KB0029323,"Data Migration Issues Across D365FO Integrations (INT009, INT010, INT054) – Troubleshooting Guide",L2,Dynamics F&O,,Unmapped,"Data Migration Issues Across D365FO Integrations (INT009, INT010, INT054) – Troubleshooting Guide KT Insight: Post data migration, multiple recurring issues have been observed across integrations (including INT009, INT010, INT054). These issues primarily stem from: Legacy data inconsistencies Multi-currency complexities UI vs backend data mismatches These are not system defects in DFO, but rather data or process-related issues. Data migration-related issues are primarily driven by legacy data inconsistencies, process/practice gaps, and historical system behaviors that are no longer supported. Incorrect data in legacy invoices, particularly involving Centre ID or voucher data, results in incorrect invoice status being passed through the INT10 integration feed, causing mismatches between Titan, DFO, and integration layers. These discrepancies manifest as incorrect invoice status in MyRegus, recurring integration errors, missing or non-existent accounts, SOA mismatches, currency inconsistencies, incorrect balances in the UI, and failures in outbound integrations such as INT010 and INT054. Outbound integrations should not fail - failures indicate process issues, not system defects. Add",
KB0037188,"How do I escalate GSC tickets assigned to Billing, Accounts Receivables and Collections teams",Customer Support,Accounts & Companies,,Unmapped,"How do I escalate GSC tickets assigned to Billing, Accounts Receivables and Collections teams Summary : This article guides users on escalations for TeamHub/CRM tickets assigned to Billing, Accounts Receivables, and Collections teams. Purpose : This article provides the correct path on how to escalate GSC billing, accounts receivables and collection tickets via TeamHub. Instructions : Go to TeamHub > HELP > Raise Support Request > Escalate a Ticket > AR, billing and collections Escalation NOTE : This escalation request path is not for Account Helpdesk ticket, Support Center (Ops Support) tickets, IT, HR and Inventory & Pricing tickets. Please also ensure the escalated CRM ticket is not waiting on action from the Center team.",
KB0029279,AHD Team Guide: Reinstatement and Collections Queries Guide,Customer Support,Payments,,Unmapped,"AHD Team Guide: Reinstatement and Collections Queries Guide Summary Supports AHD in handling customer collection-related requests and account actions after Aurora. Purpose Ensures AHD follows the correct process for collections-related requests after Aurora and Help submission have been completed, and escalates appropriately to the GSC team. Self-Help First (Customer Requirement) Confirm the customer has already: Used Aurora Chat Assist Submitted a case via the Help section AHD Ticket Handling: If the ticket requires assistance from the GSC team, assign it to GSC Care within CRM for further investigation. Required Details Customer email & company name Account details and location Description of request Supporting documents (if applicable, e.g., proof of payment, liquidation documents) What You Can Request Notify that services have been suspended / office vacated Submit proof of payment to restore services Request a reinstatement quote Request freeing up of inventory blocked due to bad debt Provide liquidation or bankruptcy documentation Request eviction processing (with Legal team recommendation) Request settlement invoice (where applicable) After You Submit GSC Team investigates a",
KB0028929,Activation code for membership,L1,Customer Portal (MyRegus),,Unmapped,"Activation code for membership If a user raises a ticket related to them not being able to complete registration process on Customer Portal because they do no have Activation Code for membership like on the screenshot: As far as Customer Portal, this is working as designed. Corporate accounts should receive activation code during onboarding process and it should be inputed manually during registration.",
KB0028516,Unable to find account on Customer Portal,L1,Customer Portal (MyRegus),,Unmapped,Unable to find account on Customer Portal Customers are unable to find accounts on Customer Portal: In most cases root cause is that the company is no longer active which can be checked on Titan UI;,
KB0025342,What to do if CMR tile is not showed on the Customer Portal,L1,Customer Portal (MyRegus),,Unmapped,"What to do if CMR tile is not showed on the Customer Portal Application / Service Customer Portal Issue Symptoms / Error Customer claims that is not able to find CMR tile within Home page on the Customer Portal Resolution The following steps should be done if the customer claims that CMR tile is not showed on the Customer Portal: Case 1 Navigate to Customer Portal - Production envaironment Login in Staff mode Search for provided Company/Account ID Open the Company/Contact with the issue Verify if the CMR tile is showed on the Home page Navigate to Home location (it has been displayed on the Home page) Verify if the CMR tile is showed within Home location Case 2 N avigate to Titan UI -> Clients -> Client Search Enter provided company ID -> click on Search Companies N avigate to Bookings tab 4. Verify if there is Long Term Booking or Virtual Office (does not include mailbox plus and telephone answering) that is an active (started date is today or in the past) 5. If there is an active LTO or VO CMR tile should be shown on CP 6. If there is no an active LTO or VO (start date is in the future), then we should advise the customer to check after activation date i.e. October 12, 2024 (pict",
KB0029063,How to resolve INT-AR-013/Error code: 21-,L2,Dynamics F&O,,Unmapped,How to resolve INT-AR-013/Error code: 21-,
KB0020831,E-invoicing: e-invoice ID/Address is incorrect,L1,Titan,,Unmapped,E-invoicing: e-invoice ID/Address is incorrect Resolution: Incorrect: 003727606395552 Correct: 0037 27606395552 44 Input number is incorrect according to business logic after 0037 either there must be 8 or 13 characters. Number which business is adding has 11 characters followed by 0037 which is wrong. RegEx: ^FI\d{16}$|^\d{8}$|^0037\d{8}$|^\d{13}$|^0037\d{13}$,
KB0020962,Monitoring and Call Handling Team Email Addresses,L1,Customer Portal (MyRegus),,Unmapped,Monitoring and Call Handling Team Email Addresses Monitoring There are KPIs and alerts set up for the Ooma call-answering management. Information about the alerts and logging can be found at the following confluence link: https://regusit.atlassian.net/wiki/spaces/IE/pages/2570747952/BS-4260&#43;Automatic&#43;number&#43;provisioning&#43;and&#43;integration&#43;with&#43;Ooma#8.2-Monitoring-And-Alerting List of Call Handling Team Email Addresses Countries: Country Email address Austria AT.CallAnsweringSupport&#64;iwgplc.com Belgium BECallAnsweringSupport&#64;iwgplc.com Finland FICallAnsweringSupport&#64;iwgplc.com Switzerland CH.CallHandlingTelephonyServices&#64;iwgplc.com Czech Republic CZCallAnsweringSupport&#64;iwgplc.com Germany DE.CallAnsweringSupport&#64;iwgplc.com Denmark DKCallAnsweringSupport&#64;iwgplc.com Ireland IECallAnsweringSupport&#64;iwgplc.com France FRCallAnsweringSupport&#64;iwgplc.com Italy ITcallansweringSupport&#64;iwgplc.com Spain SPcallansweringsupport&#64;iwgplc.com UK IWG.CallHandling&#64;iwgplc.com Luxembourg LUCallAnsweringSupport&#64;iwgplc.com Netherlands NL.callanswering&#64;iwgplc.com Norway NOCallAnsweringSupport&#64;iwgplc.com Poland PLCallAnsweringS,
KB0020731,Payment notification was sent to Incorrect user,L1,Titan,,Unmapped,"Payment notification was sent to Incorrect user Application / Service Titan Details The contact Manos Fregkos can charge to company account, that is why he receives payment notifications emails to manos.fregkos&#64;datawise.ai . If the requester doesn’t want him to receive these emails, please ask AHD to untick the box on Titan UI. For the instructions on how the customer can contact Account Helpdesk and the centre team can do this for them, please go to the link below: https://support.iwgplc.com/sp?sys_kb_id&#61;0b92a3db87c50150ed48620c8bbb35ab&id&#61;kb_article_view&sysparm_rank&#61;1&sysparm_tsqueryId&#61;f2c0c8171b424590ba5febd4604bcb8d",
KB0020670,"Missing buttons in TeamHub, not getting daily mail forwarding or monthly mail forwarding",L1,Team Hub,,Unmapped,"Missing buttons in TeamHub, not getting daily mail forwarding or monthly mail forwarding Application / Service TeamHub Details Booking 130574218 includes only Weekly Mail Forwarding service Please check the Titan configuration for the booking as follow",
KB0020671,Unable to change Company Home Centre to another Centre in Team Hub,L1,Team Hub,,Unmapped,Unable to change Company Home Centre to another Centre in Team Hub Application / Service TeamHub Details Please reach out to Titan Admins at GSC.TitanSupport@regus.com to change Home Centre of Company,
KB0029384,TIS to FinApps – Missing Bank Statements or Bank Feed Export Issues,End User,Process Enquiry,,Unmapped,"TIS to FinApps – Missing Bank Statements or Bank Feed Export Issues Introduction: When encountering missing bank statements or bank feed export issues , contact Treasury/TIS team for assistance (POC: JP Alivio, JP.Alivio@iwgplc.com ). The Treasury team should validate before escalating the issue to IT . This knowledge base article provides the pre-checks and troubleshooting steps on bank feed export issues between TIS and FinApps, including MT940/CAMT verification and integration checks. Instructions: 1. Validate MT940/CAMT Identifier Navigation Path: TIS &rarr; BAM &rarr; Bank Accounts &rarr; MT940/CAMT Identifier Ensure that the MT940/CAMT Identifier configured in TIS matches the :25 tag available in the bank account statement. 2. Verify Feed in TIS If the bank account exists in TIS, we need to verify whether the feed for these bank accounts has been received from the bank. To check this, follow the steps below: Go to BTM tab. Go to Account Statement tab. Filter by the date which you want to check. (eg last 7 days, last 30 days) Click Customize view button and select New from the drop down and add column "" MT940/CAMT Identifier "" by dragging it to the right and name the view like",
KB0029385,TIS to FinApps - How to handle Bank Statements or Bank Feed Export Issues,L1,FinApp,,Unmapped,"TIS to FinApps - How to handle Bank Statements or Bank Feed Export Issues Introduction: When end-users encounter issues related to missing bank statement or bank feed export issues (including MT940/CAMT identifiers and missing bank feed export from TIS to FinApps ), they must first contact the Treasury/TIS team for assistance. The Treasury team is responsible for performing the required validation checks and pre-investigation steps before raising a ticket with IT. KB0029384 "" TIS to FinApps - Missing Bank Statements or Bank Feed Export Issues "" has been released to provide guidance on when to contact the Treasury team and outlines the validation checks and troubleshooting steps that should be completed. The L1 team must also verify, using KB0029384 , that all required validation checks and pre-investigation steps have been completed and documented before the ticket is escalated to the next levels of IT support (L2 and L3). Instructions: If pre-checks are missed and end-users raised ticket directly to IT. L1 team advises the user to contact Treasury Team/JP Alivio, for further assistance or if there's a need to verify TIS setup. Follow the steps below: a. Update the ticket by sendin",
KB0025353,How to check Workspaces and services on Customer Portal,L1,Customer Portal (MyRegus),,Unmapped,"How to check Workspaces and services on Customer Portal Application / Service Customer Portal Description If the customer claims that cannot access to Workspaces and services, please reproduce the following steps and make sure whether issue still persists. Instructions 1. Navigate to Customer Portal 2. Log in in Staff mode 3. Navigate to Account -> Products and services -> Workspaces and services 4. Make sure that there are Office and Services sections 5. Navigate to Office section and verify there are expected offices 6. Navigate to Services section and verify there are expected services Additional Information",
KB0020672,All renewal prices for clients are invisible to Team Hub End users,L1,Team Hub,,Unmapped,"All renewal prices for clients are invisible to Team Hub End users Application / Service TeamHub Details AmendUpcomingRenewalPrice flag is not configured in Titan, so that is the reason why the booking is not shown. Please confirm if this property is configured in Titan. Please reach out to Titan Admin Team via https://iwgprod.service-now.com/sp?id=sc_cat_item&sys_id=075f5a0b87ccc950ed48620c8bbb35b8&sysparm_category=9bdfd40287cf7410a310baaabbbb35c0 to check if the property is configured in Titan",
KB0034361,Customer Portal | Mobile Apps Application Guide,Customer Support,Products & Services,,Unmapped,"Customer Portal | Mobile Apps Application Guide Please note that - This KB is applicable for all mobile apps ( Regus, Spaces , IWG, BizDojo , HQ and Basepoint ) Customer Portal Mobile Application Support Guide - &bull; To access all our network, find and book spaces at the palm of your fingertip &bull; To keep track of all your workspace bookings in one place and keep up to date with your account wherever you are in the world. &bull; To update company and contact information, to view invoices, to make payments, to manage documents, to request and add services directly to your account, to manage your existing bookings and to use travel, communication and business tools. &bull; To enjoy access to fully furnished private offices and co-working spaces at over 3,000 locations, which includes all IWG brands such as Regus, Spaces , IWG, BizDojo , HQ and Basepoint How to use this platform: 1. Please download the desired customer mobile application depending on what you need. You can download it on Google Play Store and Apple App Store 2. For new users you can proceed on new registration, for existing users you can login using your existing credentials with IWG. 3. Myregus mobile applicatio",
KB0032447,How to access to companies via Global search on Team Hub,End User,Process Enquiry,,Unmapped,"How to access to companies via Global search on Team Hub Steps Perform the steps below to Access companies via Global search Companies remain searchable via Global Search regardless of which centre is currently selected in the Centre section. Verify that this will work from different screens (e.g. Documents and emails or Add lounge). Also check filters on company search. Verify global search works for different criteria (company name, contact name, account ID).",
KB0020673,Error in Unit Price of Service or Product in Team Hub,L1,Team Hub,,Unmapped,"Error in Unit Price of Service or Product in Team Hub Application / Service TeamHub Details There is an option in Titan to ""override"" the prices manually for sales and services. In this instance, the price for the sale was over ridden manually using this option. This value is set as input by the users and is not a calculation. Please reach out to Titan Admins via email GSC.TitanSupport@regus.com and review with them this configuration.",
KB0020674,Unable to find booking in Renew recent termination in Team Hub,L1,Team Hub,,Unmapped,Unable to find booking in Renew recent termination in Team Hub Application / Service TeamHub Details Booking is active therefore it is not found in renew the termination But Agreement can be found in request to early terminate,
KB0028745,Access Control button is missing on TeamHub,L1,Team Hub,,Unmapped,Access Control button is missing on TeamHub Access Control button will not be shown in TeamHub if access control is not configured on Titan. For example Centre 5972 does not have is configured: And the button is missing on TeamHub: As an example where it's configured: Centre 4538:,
KB0019707,SOA Mismatch / CN Refund,L1,Customer Portal (MyRegus),,Unmapped,SOA Mismatch / CN Refund Application / Service Customer Portals Details All questions regarding CN (credit note) processing or refunds / SOA Balance Mismatch have to go to GSC AR first. FOR SOA Balance Mismatch - it is mandatory to have the opening and closing balance of the account starting April 2013 Reassign the ticket to IWG_FIN CASH APPS Please share the link to the user its GSC Escalation matrix https://iwg.learn.link/content/5f9048a6ad634100100c9e72,
KB0034289,Unable to locate Agreements under Company section on Team Hub,End User,Process Enquiry,,Unmapped,"Unable to locate Agreements under Company section on Team Hub Overview Sometimes agreements may not appear in the Company section of TeamHub. This usually happens if the wrong centre is selected. Follow the steps below to ensure you see the correct agreements. Instructions 1. Search for the Company Use the Global Search to look up the company (e.g., Company ID: 13555524 ). If no agreements appear, continue with the next steps. 2. Check the Company Details Go to Company &rarr; Company Details &rarr; Location tab . Verify which centre is linked to this company. Example: The correct centre is 5677. 3. Search Again with Correct Centre Go back to the Company section. Search for the same company but ensure you are using the correct centre. 4. View Agreements The agreements for the company will now be visible.",
KB0037359,How to remove a Credit Card from Customer Portal,Customer Support,Payments,,Unmapped,"How to remove a Credit Card from Customer Portal Payment methods are depending on the PSP provider used in the particular Country, beside this fact we can group payment methods to Personal and Company payment methods and there are steps on how to remove the credit card from both types of payment method. How to remove a credit card from Company Payment Method? 1) Navigate to Billing and payments page -> Manage payment methods -> Select the credit card the client wants to remove 2) Click on Remove button Note - The credit card which is set to default cannot be removed from the account. If the credit card which needs to be removed is set to default payment method, then the client will have to add another credit card as a default payment (from the drop down), to remove the first one. 3) They will get a confirmation if they really want the credit card to be removed. After selecting Yes, the CC will be removed successfully. How to remove a credit card from Personal Payment Method? 1) After logging in to Myregus, navigate to Your Profile> Personal Payment Methods. 2) The client will be able to see the credit card stored under personal payments. 3) Same steps as above needs to be followed",
KB0021005,Not getting a Service displayed on TeamHub,L1,Team Hub,,Unmapped,"Not getting a Service displayed on TeamHub User is not getting a ""Service"" displayed in TeamHub Reason : The particular service, no matter which one, might not be added on Titan. L1 Team should go into Titan UI and verify if the service is configured: Solution : If the service is not added on Titan, the end user must contact the Titan Admins Team to request such configuration. Titan Admin email "" GSC.TitanSupport@regus.com "" Link to raise a ticket: https://iwgprod.service-now.com/sp?id=sc_cat_item&sys_id=075f5a0b87ccc950ed48620c8bbb35b8&sysparm_category=9bdfd40287cf7410a310baaabbbb35c0",
KB0020808,Application Owner Details,L1,Titan,,Unmapped,Application Owner Details Please find the details of our Application owner below :,
KB0025382,How to check whether Coworking desk can be booked for free,L1,Customer Portal (MyRegus),,Unmapped,"How to check whether Coworking desk can be booked for free Application / Service Customer Portal Description If the customer claims that he is charged while booking. We need to check is that issue reproducible by Staff mode, also Membership and benefits that are related to that Membership type. Instructions Steps to reproduce: 1. Login to Customer Portal on Staff mode 2. Enter Company ID in the field Account number within “Customer search” page 3. Search for the provided company 4. Navigate to Book a coworking desk tile 5. Choose location, date and time slot 6. Click on Search button 7. Make sure that list of the centres are shown 8. Select centre 9. Make sure Review booking page is opened and Booking Total is zero Beside this we should check Membership and benefits that customer has. Here are steps how to check Membership: 1 . Navigate to Quick Access 2. Membership 3. Make sure Membership type is Coworking membership 4. Make sure when you open Benefits that there is an option Coworking desk usage Additional Information",
KB0029320,INT-AR-054 Payment Integration Issues (Currency and SOA Mismatch) – Troubleshooting Guide,L2,Dynamics F&O,,Unmapped,"INT-AR-054 Payment Integration Issues (Currency and SOA Mismatch) – Troubleshooting Guide KT Insight: INT-AR-054 - Payments Feed (D365FO to Titan via ESB). This is an outbound integration. Through INT-AR-054 (Payments Feed) and INT-AR-010 (Invoice Status Feed), Titan receives the data required to produce trade customers' financial statements. D365FO runs a batch job to send messages via the service bus, containing records of updated trade customer non-invoice transactions to Titan. While INT-AR-010 is responsible for invoice and credit note transactions, INT-AR-054 provides the following: ▪ Payments ▪ Payment reversals ▪ Chargebacks ▪ Write-offs Integration Direction: Outbound (D365FO-DFI-Titan) Examples: Example 1: Currency Migration causing SOA mismatch Scenario: Payment adjustment voucher is missing in Titan SOA Cause: Currency mismatch (EUR vs. EGP) Resolution/Troubleshooting Guide: Request GSC FIN ADMIN (FSA team) to update the currency in D365FO so the transaction can be reprocessed. Once Currency is updated, retrigger the transactions for it to interfaced to Titan SOA. Reference: Handover/KT with Mohit INC0741332 - Dynamics F&O |Integration Issue | Payment adjustment voucher",
KB0029319,INT-AR-004 and INT-AR-007 DD Mandate and Bank Account Issues – KT Insights and Support Guide,L2,Dynamics F&O,,Unmapped,"INT-AR-004 and INT-AR-007 DD Mandate and Bank Account Issues – KT Insights and Support Guide KT Insight: INT-AR-004 Customer bank accounts Titan to F&O (via ESB). This integration facilitates how DFI pulls customer bank accounts from Titan to Dynamics F&O (D365FO). It covers the creation of new customer bank records with the method of payment type (Direct Debit), as well as updates to existing customer bank records (e.g., account numbers). Customer bank accounts will only be processed after the corresponding customer records have been imported into D365FO through INT-AR-001 (i.e., customers for which financial transactions have been generated in Titan). Data is transmitted to D365FO in near real-time, ensuring that customer records and related information remain current. INT-AR-007 Customer DD mandates Titan to F&O (via ESB). This is an inbound integration designed for the creation of new Direct Debit (DD) mandates. DD mandates will only be processed after the corresponding customer records and customer bank accounts have been imported into D365FO through INT-AR-001 and INT-AR-004. Integration Direction: Inbound (Titan-DFI-D365FO) GSC users (GSC Billing Seniors and GSC Billing Asso",
KB0028033,How to handle tickets related to Power BI Report that is associated with Dynamics F&O,L2,Dynamics F&O,,Unmapped,"How to handle tickets related to Power BI Report that is associated with Dynamics F&O Application/Service Dynamics F&O Description There are issues or requests related to Power BI Reports that may be associated with Dynamics F&O. This can be: Access issues related to Power BI reporting that is configured in Dynamics F&O system. Granting access and assigning of security roles related to Power BI reporting that is handled by IT L1 team. This provides steps on handling issues specific to Power BI reports as mentioned above. Instructions Users must be included in the Finance Power BI groups. These roles should be assigned Dynamics F&O profile of users so they can also access the Power BI reports (see also Figure 1 below). PRO - PowerBI AR group 1 (C) PRO - PowerBI FA group 1 (C) PRO - PowerBI GL group 1 (C) Figure 1: Dynamics F&O > System administration module > Users (select a user and check User's roles section) Next step: If there are still issues such as the following, users may reach out to Michael Walker via email ( Michael.Walker@iwgplc.com ) Issues in accessing the reports after granting the right access. Requests to update the report or issues related to Power BI reports. Samp",
KB0035490,Unable to change Start Date while adding amenities package and coffee/tea package on Team Hub,End User,Process Enquiry,,Unmapped,"Unable to change Start Date while adding amenities package and coffee/tea package on Team Hub Issue When adding or editing an amenities package or coffee/tea package , users are unable to change the Start Date in the upcoming invoices screen. Cause This behaviour is by design . The system restricts editing of the Start Date for services and products once they have been created. Resolution The Start Date cannot be changed in the Upcoming Invoices screen. Users can only edit the End Date if they wish to: Extend the duration of the service, or Terminate it earlier.",
KB0032604,How can I change generic pictures/images for a specific Centre on Team Hub,End User,Process Enquiry,,Unmapped,"How can I change generic pictures/images for a specific Centre on Team Hub Instructions You can upload pictures of the offices in TeamHub. Go to Inventory > Inventory Requests > Correct Inventory Details > Correct Office . From there, you can upload the pictures.",
KB0028783,Translated Proforma Invoices for All IWG Markets (BS-11810 - TO BE ROLLED OUT NOV 2025),L1,Titan,,Unmapped,"Translated Proforma Invoices for All IWG Markets (BS-11810 - TO BE ROLLED OUT NOV 2025) ETA: NOVEMBER 2025 Summary This article provides an overview of upcoming enhancements to the Proforma Invoice process, which will introduce translations into local languages for all IWG markets. Purpose Previously, all Proforma Invoices were sent in English only, regardless of the customer's market or language. This created confusion and contributed to payment delays in non-English-speaking regions. To address this, the Proforma templates are being updated to support multi-language translation , ensuring customers receive billing communication in their local language - similar to standard official invoices. This change stems from BS-11810 and builds on the prior work done in BS-10740 (Proforma Invoice Automation for Remaining Agreement Value). What's Changing Aspect Before After Language of Proforma English only for all markets Translated to the local language based on the customer's country System Use Internal, manual use only External customer communication, automated with RAV details Translation Availability Not available Now being rolled out across all IWG markets Customer Impact Confusion,",
KB0020827,Redirected to CallStream,L1,Titan,,Unmapped,"Redirected to CallStream Application / Service Titan Details Redirected to CallStream Problem: Center 5017 has got closed, the new center opened with another number and location. But it is not displayed in the CallStream system. Resolution: Based on the reply from Ian Sherman (CallStream), this i ssue should go to the Voice Support Team to reconfigure the CallStream server. There is no facility for swapping the configuration from one center to another, so Centre 6143 will need to be set up from scratch.",
KB0022803,Invoicing frequency email,L2,Titan,,Unmapped,Invoicing frequency email Application / Service Titan Details Implementation: invoicing frequency email. Please find the resolution from the development team below. This is As Designed. The copies (lounge memberships) are updated when their root company is updated. The copies are not seeing emails from the root but from their own account. Once the frequency is changed for the parent company - it changes for all copies. Note: Those copies and clones which are not visible on CP have the same invoice frequency their parent company has. And that is as designed as well. Only those companies which are accessible on CP can have individual invoice frequency. Thank you!,
KB0026327,Finance System | Migration of system from SUN to DFO,L1,Dynamics F&O,,Unmapped,"Finance System | Migration of system from SUN to DFO Application / Service Dynamics F&O Details This is in regards to Finance System Data Migration from SUN to Dynamics F&O The following 24 countries are planned to be migrated to Dynamics F&O and will be in Hypercare through May 2025 (which is now completed so tickets raised should be treated as BAU) From SUN: 1. Albania 2. Algeria 3. Argentina 4. Colombia 5. C&ocirc;te d'Ivoire 6. Egypt 7. France 8. India 9. Italy 10. Japan 11. Jordan 12. Macedonia 13. Monaco 14. Morocco 15. Norway 16. Peru 17. Poland 18. Portugal 19. Puerto Rico 20. Russia 21. Senegal 22. Switzerland 23. Uganda 24. UK 25. Israel Any Dynamics F&O HYPERCARE related issues should not be raised under ServiceNow & should be passed to the Hyper-care team (the next migration is due for hypercare is during June 2025). Troubleshooting required to be done for such cases: Kindly make a note of the country for which the ticket was created, along with the date of the discrepancy for the issue reported for. Additional Information Below countries have been migrated earlier this year (Feb 2024, Aug 2024, Nov 2024, Dec 2024 & June 2025) - and should be treated as BAU. February 20",
KB0036776,How to Check for Mac Address Renewal,Customer Support,Device Registration,,Unmapped,"How to Check for Mac Address Renewal How do the MAC Address get renewed? Is this done automatically or is any human intervention required? For short term offices - Devices will only be connected to the internet for 90 days. For LTOs - Single LTO - Expiration date will be set on the end of agreement. Multiple LTOs - If all started with the same ""end dates"", expiry date will be set at the end of the last agreement. If LTO agreement get renewed, then MAC address will automatically renewed too. As the mentioned MAC addresses are expired - why can I still seem them in the portal? Can they be automatically removed after they are renewed? Each expired network device will be displayed for 90 days after the expiration date. After that period, the network device will not be showing in the grid anymore.",
KB0026518,Customer Portal | Price Changes to Day Office/Co-Working booking,L1,Customer Portal (MyRegus),,Unmapped,"Customer Portal | Price Changes to Day Office/Co-Working booking Application / Service Customer Portal Details From 4th September 2024 Day Office and Coworking booking will follow the same discount policy as Meeting Room Description If Customer makes a Day Office or Coworking booking themselves directly in their online account they will receive discount i.e., defined in Titan Business Rules for the country. The Discount will not provided if booking is made by Centre Community Team. Troubleshooting for L1: Check the Business Rule of the country and advise the CT user that staff making office/Coworking booking will not be provided with promotional discount. Check the Pricing and Discount Rule for the country. Case which should be reported to CP L2 Team It is an IT issue when 10% discount is being applied incorrectly when booking is made via CP. This is possible case which should be reported to CP L2 Team Additional Information This update is deployed via BS-8561 This update does not affect the bookings made via Titan. Promotions can applied to booking if the staff are making the booking via Titan. Pricing calculation is done by Quark for the discount price.",
KB0021149,Unable to move/edit/etc short stay bookings as those booking doesn't have any card payment set up in those account,L1,Titan,,Unmapped,"Unable to move/edit/etc short stay bookings as those booking doesn't have any card payment set up in those account Application / Service Titan Description Unable to move/edit/etc short stay bookings as those booking doesn't have any card payment set up in those account Instructions Error message: Cannot make a booking, at least one booking is past the expiry date of the card selected. Resolution: Generally, if the company financial is set to pay by card, the system validates the associated card once the user tries to edit the booking. The difference is where the validation of the card will be. If the company is set to Monthly invoice scheme, the card will be checked on Financial Data tab for a company in order to charge the card at the end of the month. If the invoice scheme is set to Immediate, the system will check the card on the contact profile the booking is created for. In order to charge the client upon checkout. Steps: 1.Check the status of the booking they want to edit. For example: Booking 129719145 is in the past ( Feb 08, 2023) and is checked out now. 2. Check company payment schema under invoice Terms with all the editions under Financial data tab. Company 13124588 is",
KB0025235,Customer Portal | Short Stay Yield Management  Guidebook,L1,Customer Portal (MyRegus),,Unmapped,"Customer Portal | Short Stay Yield Management Guidebook Application / Service Customer Portal - Short Stay Yield Management for IT Operations Details 1) Introduction - Yield management is a strategy used to sell the right product to the right customer at the right time. Yield management uses demand, price adjustment, inventory, and continuous monitoring to make smart decisions on pricing and availability, based on detailed analysis of customer behavior and market trends, to increase the amount of money made from fixed amount of inventory items, including short stay products. Quark was developed as the tool used to calculate yield management pricing. When a customer requests a short stay product in either Customer Portal or Regus Websites, Proton will request the calculation from Quark. Once calculated, Quark will send the data to Proton, which will then update the pricing in the Customer Portal or Regus Websites. When the short stay booking is made, the yield management pricing provided by Quark will be stored in Titan, under the Meeting Room Booking tab, Pricing Promotions and Special Deals section. Overview - Upon receipt of a ServiceNow ticket reporting issues with Short-Stay bo",
KB0021148,Invoices were re-issued with the old address and the new invoices are also being issued with the old address.,L1,Titan,,Unmapped,"Invoices were re-issued with the old address and the new invoices are also being issued with the old address. Application / Service Titan Details Invoices were re-issued with the old address and the new invoices are also being issued with the old address. Issue: The customer updated their company address. The new address is correctly updated in both myregus & Titan, but the invoices were re-issued with the old address and the new invoices are also being issued with the old address. Resolution: 1. Thoroughly double check the data you are supplied with: Sample incorrect invoice 5025-2023-358INV belongs to account 13352219 and NOT company 13343444 which requester shared in the ticket. 2. Check contact’s address and compare to the one displayed on the invoice. In this case company ID 13352219 , where the contact Mrs. Daniela Maftei’s address is exactly what is displayed on the invoice. This is for AHD, not IT.",
KB0021145,Update customer e-mail address,L1,Titan,,Unmapped,"Update customer e-mail address Application / Service Titan Description Update customer e-mail address Instructions Resolution: The email textbox is grayed out and cannot be edited due to the fact that the contact (ContactId = 18747758) is associated with multiple inactive accounts that needs to be unlinked. To edit the email, follow these steps: 1. Look for the ""Linked Accounts"" section and click on the icon to unlink the accounts After successfully unlinking both accounts, the user interface should reflect the following changes: 2. To save the changes after unlinking the accounts, click on the 'Correct' button. After successfully saving the changes, you will notice that the email textbox is no longer grayed out and is now editable. This is for AHD to take all the steps.",
KB0037202,How do I assist a customer who has declared bankruptcy,Customer Support,Accounts & Companies,,Unmapped,"How do I assist a customer who has declared bankruptcy Summary : This article guides centre teams on how to assist customers who have filed for bankruptcy or liquidation. Purpose : This article provides the correct path if customer has declared bankruptcy/liquidation. Instructions : Requestor should provide the following upon request: a. Legal document as proof or certificate from the Register that the company has been closed. b. For US: legal document or certificate with the stamp from Secretary of the State as proof that the company has been closed. If all the required documents are obtained, log a request in Teamhub > Raise Support request > Customer Operations > Collections Request > Customer > Company Name > Type of Request > Bankruptcy-liquidation > Description Follow steps under https://iwg.learn.link/content/5f9048a6ad634100100c9e72 on how to escalate the request to GSC Support team In case of technical errors, please raise the case to IT.",
KB0020876,Why blocked company is still invoiced?,L1,Titan,,Unmapped,"Why blocked company is still invoiced? Resolution : The Show as Excluded checkbox that is on the Company’s Financial tab is not selected, that means that company is only blocked, and NOT excluded from invoicing. The companies might have been suspended manually suspended and NOT by BS-1845: Automate bad debt termination process & ability to Auto-reinstate all customers who don't pay by cardCLOSED . Advise: Please set the InvoiceExclusionFlag for these companies by selecting the Show as Excluded checkbox on the Financial tab of the relevant company.",
KB0020877,Please can you assist in getting the below 2 clients loaded on Callstream,L1,Titan,,Unmapped,"Please can you assist in getting the below 2 clients loaded on Callstream Application / Service Titan Details Basic checking: check if accounts are blocked under Financial data tab in UI. If so, the Callstream data extract does not extract blocked companies. The system is designed this way. Any question should be redirected to the team of business analysts.",
KB0020875,OSA system failed but invoice not generated,L1,Titan,,Unmapped,"OSA system failed but invoice not generated Application / Service OSA Details OSA Failure Titan UI - Admin - replay OSA must be checked first. The reason can be there under Failed log. Check the OSA link whether all required fields (*) are completed by client. The OSA failed because not all required field were completed by user. Advise: The client has to complete the OSA journey. Please fill in the Address/City/Country , and proceed with the OSA journey. Click the Accept button to finalize the OSA creation.",
KB0029052,How to Resolve INT-AR-002/Error code: 10-,L2,Dynamics F&O,,Unmapped,How to Resolve INT-AR-002/Error code: 10-,
KB0020869,Free hours option is not available while booking MR,L1,Titan,,Unmapped,Free hours option is not available while booking MR Application / Service Titan Details Resolution: free hours option is only available when making a MR booking in the account’s home center Steps: check what center the account is from. go to clients - clients search then Admin - center Admin it will provide you center number for the account. If their home center number is different from the center they are trying to book at - there will be no possibility to book MR for free.,
KB0020835,Payment Notification Emails not sent,L1,Titan,,Unmapped,"Payment Notification Emails not sent Resolution: Titan does not sent payment confirmation emails if the customer used a single used card to make the payment. Since that is a single-used card the client used for payments, that is why the email was not sent. Currently, payment notification emails are only sent if the cards are registered.",
KB0019955,When the client cannot change the Billing Frequency to 3 months,L1,Customer Portal (MyRegus),,Unmapped,When the client cannot change the Billing Frequency to 3 months The customer's account will not have the billing frequency value updated if - 1) If customer has multiple agreements with different billing frequency. 2) If there is a Month-to-Month booking on the account 3) if all bookings have been fully invoiced or 4) if there are no in scope bookings for the account In-scope booking types (which will have the billing frequency value updated if a value is passed to titan via the API call): 1) Long Term Office (exception: Month to month office bookings) 2) VO (Exception: month to month VO product bookings) 3) BusinessWorld 4) Netspace 5) Parking 6) Storage If it is not within that criteria then it will show the billing frequency in Myregus. Ex - MST-41653 INC0202668 - cannot change the Billing Frequency to 3 months,
KB0020825,Telecom Charges,L1,Titan,,Unmapped,Telecom Charges Application / Service Titan Details Issue : The customer's account was already terminated but received invoices with a $0.00 balance in them. Can we look into why customer invoices are being generated with a $0.00 balance? Resolution : taking invoice number and viewing it under invoice management tab you can easily see what charges are included into an invoice Note. Please remember that Telecoms Call Charges are external charges coming with feeds/ billing files so Titan is 'told to charge' (no matter if the customer is terminated). Any question upon these charges should be addressed to Voice Team.,
KB0020824,Check balance on CP (topic: Correct Balance UI),L1,Titan,,Unmapped,Check balance on CP (topic: Correct Balance UI) Application / Service Titan Description Check balance on CP (topic: Correct Balance UI) Instructions To check if the balance on CP is correct. Go to MyRegus (Customer Portal) Find the company in question Downloading SOA in .xlsx Check all company balances and sum them up Check if the sum displayed on the MyRegus coincides,
KB0020822,Booking Status upon OSA load,L1,Titan,,Unmapped,"Booking Status upon OSA load Application / Service Titan Description Booking Status upon OSA load Instructions To check the Center/Country level rules of which status is allowed for a particular reservation type upon OSA load, follow the steps described below. Go to Titan Admin Support . Switch to the Contract API Setup tab. Enter the Center Number , and click Go . The Contract API Accessibility section will display the actual data of the booking status expected after the OSA is successfully loaded to Titan. Such issues can be addressed to GSC Billing for checking. We load provisional booking, create CRM task for billing and they manually set this to confirmed. Based on BS-7166: Arabic and Hebrew Language - OSAWORK IN PROGRESS , some countries like Spain , Italy, etc . require loading bookings in Provisional status, instead of Confirmed . We load provisional booking, create CRM task for billing and they manually set this to confirmed. Note. Invoices are raised after booking got Confirmed status.",
KB0020821,The charges not appearing under Immediate Invoice after suspension,L1,Titan,,Unmapped,The charges not appearing under Immediate Invoice after suspension Application / Service The charges not appearing under Immediate Invoice after suspension Description The charges not appearing under Immediate Invoice after suspension Instructions Before creating a ticket L1 team can check from their side. The charges are under Immediate Invoice screen. Please do not forget to check the relevant checkbox to display Monthly/Recurring charges.,
KB0017542,Cannot book time off in TeamHub,Known Errors,,,Unmapped,"Cannot book time off in TeamHub Application / Service Team Hub Description Cannot book time off in Team Hub Instructions Cannot book time off (e.g. vacation) in TeamHub and receives the following warning message: “ It is not possible to make a request for your selected reason/time period ”, Please, note that this issue is related to your HR profile rather than an IT bug in Team Hub. Please raise all HR-related questions or inquiries (e.g. annual leave entitlement) via an HR ticket: Home > All Catalogs > IWG One Helpdesk > HR & Payroll > HR > Leave and Absence Please closely monitor the ticket raised and follow-up directly via the ticket itself for the updates",
KB0029999,Customer Portal | Why isn't the community meeting room showing for my centre on the online account?,End User,Community Meeting Room,,Unmapped,"Customer Portal | Why isn't the community meeting room showing for my centre on the online account? Issue The Community Meeting Room (CMR) is not visible on the customer's online account under the Service & Benefits section. Please note that CMRs are not available in all locations. If you're unsure, check with your line manager to confirm availability in your region. Steps to Check and Resolve Verify Booking Configuration Confirm with Global.Inventory@regus.com that the Community Meeting Room (CMR) is configured as bookable online for your centre. If the Issue Persists Raise an IT ticket. Include a screenshot showing the customer's account where the CMR is missing from the Service & Benefits section. Additional Information For more details on how Community Meeting Rooms work and how they appear in the system, refer to the training guide below: 📘 Guide to Community Meeting Room | IWG Academy",
KB0037204,How do I request to free up inventory,Customer Support,Agreement,,Unmapped,How do I request to free up inventory Summary : This article guides users on how to make a request to free up inventory via Teamhub. Purpose : This article provides the correct path on how to make a request to free up an inventory. Instructions : Go to Teamhub > Raise Support request > Customer Operations > Collections Request > Customer > Company Name > Type of Request > Free up Inventory > Description. Provide OSA of the new agreement. Follow steps under https://iwg.learn.link/content/5f9048a6ad634100100c9e72 on how to escalate the request to GSC Support team,
KB0020820,Why we can not change room to a particular inventory even though it is free in calendar.,L1,Titan,,Unmapped,"Why we can not change room to a particular inventory even though it is free in calendar. Application / Service Titan Details Why we can not change room to a particular inventory even though it is free in calendar. The number of workstations is specified for each inventory. If they are trying to change room for a booking with grater number of workstation than is configured for this room, system will not suggest this room to choose even though it is free on calendar. Basically this type of room doesn’t match with your current room requirements that is why system suggests you only possible options based on your workstations. Example: booking 128550139 is for two workstations as per the set up in Titan under inventory Admin tab, rooms 303, 304 and 306 are configured for 1 workstation only.",
KB0028227,Titan | Access issue | Unable to Login in due to something went wrong error/ server error,L1,Titan,,Unmapped,"Titan | Access issue | Unable to Login in due to something went wrong error/ server error Issue Unable to Login in due to something went wrong error/ server error Screenshots Community Team, unable to login to Customer Portal because of this error message Type 1: GSC/AHD Team or Super-users , unable to access Titan Type 2: Step L1 need to follow to resolve the issue Steps that are required to be followed to resolve this issue: Step 1: Clear cache and cookies. access the history session of the browser and delete browser history & cache data from the beginning of the time. Access this link for chrome : chrome://settings/clearBrowserData and see that you have opted the mentioned option in the below screenshot & then click on 'delete data' button Access this link for Microsoft edge : edge://settings/clearBrowserData/clear and see that you have opted the mentioned option in the below screenshot & then click on 'clear now' button. Step 2: Flush DNS in your device Press Ctrl + R , type cmd , and press Enter. In the command prompt, type ipconfig /flushdns and press Enter. Step 3: Delete Temporary Files Press Ctrl + R , type temp , press Enter. Press Ctrl + A to select all files, then press",
KB0020289,Unable to check-out booking/ Error while booking,L1,Team Hub,,Unmapped,"Unable to check-out booking/ Error while booking Application / Service TeamHub Details Please follow the below given instructions to check the issue related to Unable to check-out booking/ Error while booking When the user tries to check-out booking in TeamHub and if the continue option is greyed out, we need to check in Titan if the booking is checkout or not. TeamHub automatically check out the bookings at midnight (based on the time zone of location). Please inform the users to wait for the next day to get the booking in ""Checked Out"" status. If the check-out was not happened even in Titan ( after the next day) , then we raise MST for further investigation. As a work around, user can also try checking out in Titan. Another Scenario, if the booking hasn't been checked-in, automatic check-out will not apply it. User can proceed with either Titan or Team Hub in order to charge bookings that are in the past. You can invoice these services by Titan Admins Go to Daily sales Select center Customer and booking then select service categories on the left menu Add quantity and unit price Save and Raise an invoice under the invoice management menu(immediate) Note: Please contact GSC Billing",
KB0020818,The invoices are not being raised automatically by the system. The customer is in monthly billing.,L1,Titan,,Unmapped,"The invoices are not being raised automatically by the system. The customer is in monthly billing. Monthly/Recurring charges are going into company’s payment schema. Check account settings under Financial data tab ->Invoice Terms. if they are set to IMMEDIATE - the invoices for the account should be raised by staff manually, not by system. It is up to Business to decide on payment schema the client should be on. Please note that &#34;Company Payment Term didn’t apply immediately as you change it. It applies for the next MEB invoicing.",
KB0028840,Myregus Application New Release Features,Customer Support,Login,,Unmapped,"Myregus Application New Release Features A new and improved user interface has been launched for the MyRegus application, featuring a refreshed design and enhanced functionality. The update applies to both the web and mobile versions of the application and is available for guest as well as logged-in users. This upgrade aims to deliver a more intuitive, responsive, and user-friendly experience, ensuring seamless interaction for all MyRegus users. Below are the screenshots of the old and new design interface for different user types and web/ mobile application - FOR LOGGED IN USERS - 1) MOBILE APPLICATION - Myregus Mobile App Home page before the release for Logged in Users- Myregus Mobile App Home page after the release for Logged in Users- 2) WEB APPLICATION - Myregus Web App Home page before the release for Logged in Users- Myregus Web App Home page after the release for Logged In Users- FOR GUEST USERS - 1) Mobile Application - Myregus Mobile App Home page before the release for guest users - Myregus Mobile App Home page after the release for guest users - 2) Web Application - Myregus Web App Home page before the release for guest users - Myregus Web App Home page after the relea",
KB0035390,"Unable to add the ""recurring parking"" service to the center's customers on Team Hub",End User,Process Enquiry,,Unmapped,"Unable to add the ""recurring parking"" service to the center's customers on Team Hub The user needs to give the selected contact permission to charge company account as the message indicates. User claims parking space is greyed out. They need to click on Continue button, it's not greyed out it's selected.",
KB0020817,Why customer has service under Immediate Invoice screen with 0 price,L1,Titan,,Unmapped,Why customer has service under Immediate Invoice screen with 0 price Application / Service Titan Details Why customer has service under Immediate Invoice screen with 0 price Where we can check the fixed price for the requested service - Under Service Pricing menu. The price is 0 as this service is setup as a fixed price service of 0 value in this service catalogue.,
KB0020814,Verify which contact created the Booking,L1,Titan,,Unmapped,"Verify which contact created the Booking Issue description : If a booking is created by the contact that is not entitled to a membership type, for example “ unlimited office membership ” then the system will apply charges. Only the contact with the “ unlimited office membership ” should create the booking if they want it to be free. The next steps show how to verify which contact made a booking. Go to Titan UI Go to Bookings Enter the Booking Ref Click on View Click Inventory Sales and you should see the contact that created the booking.",
KB0029106,How to resolve INT-AR-013/Error code: 7-,L2,Dynamics F&O,,Unmapped,How to resolve INT-AR-013/Error code: 7-,
KB0027649,Customer Portal | Credit card issue | unable to update default payment in MyRegus due to something went wrong error,L1,Customer Portal (MyRegus),,Unmapped,Customer Portal | Credit card issue | unable to update default payment in MyRegus due to something went wrong error Application / Service Customer Portal Issue Symptoms / Error Issue: Client is unable to set the credit card as default payment due to an error. User has been facing this issue since November 2024. Visual aid of the error: Error prompted when client try to set the card as default payment Currently workaround to set the contact as default payment: Process of updating the default payment: 1. Search for the company ID & click Enter. 2. Toggle on eye icon. 3. Click on edit company button & the toggle financial data tab: 4. Uncheck the exclude automatic payment field and then select the pay by option: 5. Then click on new button option: After which the default payment will be set for the company and will also reflect in MyRegus. Additional Information MASTER: https://regusit.atlassian.net/browse/MST-71579 CS0034053 - https://regusit.atlassian.net/browse/MST-72909 (detailed info of the case) INC0568654 - workaround provided to the user.,
KB0029507,Regus Service Agreement (OSA): How to View the Most Recent Version of Your Renewal,L1,Titan,,Unmapped,"Regus Service Agreement (OSA): How to View the Most Recent Version of Your Renewal Overview: When you open the renewal agreement link from your Online Service Agreement (OSA) invitation email, you may see a message that reads: ""This agreement has been updated. Please click the link below to view the most recent version."" This is expected behaviour, not an error. It appears whenever the agreement has been updated after your original invitation email was sent. To continue, you simply need to open the newest version using the button provided. Why you see this message: The link in your invitation email points to a specific version of your agreement. If that agreement is updated before you open it, the Regus Service Agreement page automatically replaces the old content with a prompt directing you to the latest version. This makes sure you always review and accept the correct, up-to-date terms. How to view the most recent version Open the renewal agreement link from your OSA invitation email. If the agreement has been updated, the page displays the message: ""This agreement has been updated. Please click the link below to view the most recent version."" Select the View Agreement button sho",
KB0028846,How to resolve INT-AR-012/Error code: 11-11-,L2,Dynamics F&O,,Unmapped,How to resolve INT-AR-012/Error code: 11-11-,
KB0029026,Customer Portal Login Help & Access Guide,Customer Support,Login,,Unmapped,"Customer Portal Login Help & Access Guide Purpose This article helps you understand how to register, sign in, and resolve common access issues with the Customer Portal. Please select the option that best matches your situation. What are you trying to do? 🆕 I've never used the Customer Portal before &rarr; See: How to Register for the Customer Portal 🔐 I can't sign in &rarr; See: How to Log In to the Customer Portal 📩 I'm not receiving my sign-in code &rarr; See: Not Receiving Your Login Code 👀 I signed in but don't see my account &rarr; See: Signed In but Don't See My Account 🚫 My account is inactive or blocked &rarr; See: Why Is My Account Inactive? ⚙️ I want to change how I receive sign-in codes &rarr; See: Change Login Verification Method Important: Most login and access issues are not IT issues and can be resolved by following the guides above. Please advise the users to always check their spam emails as this mainly the cost of their missing verification email. In case that it is not working, please report an issue to IT.",
KB0020648,How to check issues related to credit card and Invoices using PSP Portals,L1,Customer Portal (MyRegus),[Payments - Credit Card] Autopayment not working for Credit Card Worldpay/Ingenico,Medium,"How to check issues related to credit card and Invoices using PSP Portals Application / Service Customer Portal Details When you receive an issue related to Card payment, client not able to add a card, or autopayment not working, This is how we can check the reason why it got failed, using PSP Portals - There are 2 types of PSP Portals, which are divided with respect to the countries, from where the client belongs to. They are – Global Collect WorldPay Links for the Worldpay and Global Collect – Ingenico or Global Collect - https://wpc.gcsip.com/wpc/home Worldpay Service Portal - https://serviceportal.worldpay.com/splogin Worldpay Paizen - https://portal.pazien.com/merchant/login Worldpay Merchant Admin Interface - https://secure.worldpay.com/sso/public/auth/login.html?serviceIdentifier&#61;merchantadmin You will find, List of countries and which payment provider they belong to, attached in this document. GLOBAL COLLECT – Steps to Login and check the reason why card was not registered – Login to Ingenico portal using your credentials. You will be able to see dashboard like screenshot below. Go to Search option which is given on the top and enter the Credit card first 6 digit number",
KB0029373,Troubleshooting Guide for client being charged for single cup beverage [incorrectly],L1,Titan,,Unmapped,"Troubleshooting Guide for client being charged for single cup beverage [incorrectly] KT Insight: The customer was charged for a single coffee/tea because the Unlimited Tea and Coffee (UTC) service was added after the charge was already created. The system only applies UTC benefits when the service is active at the time the charge is generated, so backdating the service will not remove previous single cup charges. This is working as designed. Check the date if it backdating or not. Compare it with the single one off charges date General Steps to Identify This Type of Situation: Review Service History Check the customer's service subscription timeline. Confirm if the Unlimited Teas and Coffee (UTC)/ Kitchen Amenities service was active during the period in question. Check the Invoice Billing Identify rows showing single cup charges. Look for any backdated service setup attempts. Validate Service Coverage Ensure the UTC service was active at the time of the charge. If no coverage exists, charges for individual cups are expected. Confirm Adjustments Verify if there are any of the service waived or corrected. Document the resolution for transparency. Examples: Customer charged for a sin",
KB0020810,Customer account is blocked/suspended in Titan,L1,Titan,,Unmapped,Customer account is blocked/suspended in Titan Please find the instructions below : Task instructions 1 Login to Titan 2 Client>>Client search>>Search by account number>>Search by company 3 Click on view contact option of impacted user and select Financial Tab If the suspended/blocked checkboxes are checked in titan Please advise the client to reach the Reinstatements Team (Reinstatements&#64;regus.com) – to have the customer’s account un-suspended and to restart the invoicing.,
KB0029458,User cannot find a Service on TeamHub,L1,Team Hub,,Unmapped,"User cannot find a Service on TeamHub This KB is for when the User wants to add a service on TeamHub, but they cannot find it on the list of Services. For Example, they want to add a 'One off forwarding charge' to the customer, but the service is not on the list. We can check if this information on Titan UI by checking the following steps: 1. Go to the 'Service Pricing' section on Titan UI 2. Select the corresponding Service Catalogue, Service Category and Service Name. The Service Catalogue can be deduced using the attached Excel Sheet 'TeamHub Service Catalogue and Centre ID'. In our case it is the 'US Catalogue'. The Service Category in our case will be 'Mail Handling' and the Service Name is 'One-off mail forwarding charge'. 3. After selecting we will check if the POS column is enabled. In our case we see that it is not, which means that the service is acting as designed since it is not supposed to appear on the service list on TeamHub. If this is the case this is as designed and the customer should contact the Titan Admin team since they are able to make changes if necessary. Thank you for your patience.",
KB0020721,To update enabling the new centre Invoice date,L1,Titan,,Unmapped,"To update enabling the new centre Invoice date Application / Service Titan Details This is a new centre and needs setting up the Enable invoice date: go to Admin - Inventory pricing. scroll till invoice section The parameter Enable Invoicing should be specified. As it is null, there is no new invoice button. Contact Titan Admin team via GSC.TitanSupport&#64;regus.com to update the settings.",
KB0020748,"OSA failed, booking was not created",L1,Titan,,Unmapped,"OSA failed, booking was not created Application / Service Titan Details Do this basic checking in Titan UI: go to Admin - replay OSA 2. insert OSA reference (you can find it under OSA link) 3. click go 4. you will see failed actions, click on view link and message will expand if you see validation saying 'Company Ref:10867236 - Expert Tech LLC is blocked. Companies with blocked accounts cannot make bookings.' just confirm thru UI under Financial data tab that company is blocked then this is by design - Companies with blocked accounts cannot make bookings.",
KB0028105,How to handle requests related to cash reports in Dynamics F&O,L2,Dynamics F&O,,Unmapped,"How to handle requests related to cash reports in Dynamics F&O Application/Service Dynamics F&O Description There are requests related to cash reports, where a legacy system (SUN) used to provide. As the country has already migrated to Dynamics F&O, a different approach is expected. Instructions Users will be able to get an alternative report from Dynamics or Power BI by requesting them from GSC AR team. Sample Response: ""Thanks for your ticket. As [country] is already migrated to Dynamics, SUN no longer sends the report. Please reach out to GSC AR for alternative report that you can use in Dynamics or Power BI."" Sample Ticket Reference: INC0603165",
KB0029406,BS-10725 – Israeli Tax Authorities (ITA) UFF Unified Format Files – Support Reference Guide,L1,Dynamics F&O,,Unmapped,"BS-10725 – Israeli Tax Authorities (ITA) UFF Unified Format Files – Support Reference Guide Application / Service Dynamics 365 Finance & Operations (D365FO) Purpose This article is intended to provide awareness of the BS-10725 Israeli Tax Authorities (ITA) UFF Unified Format Files solution. The report is generated and maintained by the Tax Team and is applicable only to the ISR1 legal entity . IT L1 team/Service Desk is not expected to generate, validate, modify, or troubleshoot the report output. Other relevant information is outlined below. L1 Team Ticket Handling If a user reports an issue related to UFF report generation, the Service Desk should capture: Reported symptoms Error message(s) Screenshot(s), if available Affected legal entity From Date and To Date parameters used Date and time the issue occurred Once the required information has been collected, assign the ticket to the appropriate support team for further investigation. Solution Overview Business Requirement: Israeli Tax Authority (ITA) compliance requirement. Mandatory generation of UFF files. Current State: Report generated through FinApps. Future State: Report generated directly through D365 F&O Electronic Report",
KB0020746,Invoice terms set up in Titan,L1,Titan,,Unmapped,"Invoice terms set up in Titan Application / Service Titan Details please ask the requester to update Invoice Terms under Financial Data tab. Company ID 7088843 Company has 2 version, last updated on Oct 19, 2019 Financial data tab: Invoice terms - Immediate invoice Booking payment is added to the immediate invoice: Changing Invoice terms to Monthly invoice: Payment method has changed to Monthly invoice",
KB0029418,Basware Support – Report an Incident [Draft],End User,Process Enquiry,,Unmapped,"Basware Support – Report an Incident [Draft] Application/Service Finance/Basware Purpose: This article explains how to obtain support for Basware and how to report issues affecting vendor invoicing, vendor invoice processing, invoicing approvals, and other related issues. This is applicable for all countries that are already live on Basware . Description: Basware is the enterprise application used by IWG for AP automation process, invoice processing, and other related services. When Should I report a Basware Incident? Report a Basware incident if you experience: System availability issues or outages [e.g. Basware is down] Performance issues. [e.g. Basware is slow] Invoice processing has stopped. [e.g. Invoice matching issues] Approval workflows are not progressing. [e.g. Approval status not updating] Integration failures between Basware and Dynamics F&O or other finance systems. [e.g. Basware integration failures] Other error messages prevent normal business operations. What Should I do before Reporting an Incident? Please check if: The issue persists after signing out and signing back in and accessing using another browser. Other users are experiencing the same issue. If the issue",
KB0028959,Customer is not visible in Myregus Staff Mode,Customer Support,Login,[Login] Error while logging in to Myregus staff mode (different issues encountered),High,"Customer is not visible in Myregus Staff Mode If you are unable to see a client in Staff Mode, please ensure that the client has completed registration in MyRegus. Once the client signs their Office Service Agreement (OSA), they must log in to MyRegus for the first time. Only after this initial login will the account become visible in Staff Mode and Teamhub. If the client has not logged in, the account will not appear in either platform. For detailed instructions on the Customer Registration and Login process, please refer to the following article: Customer Support - How to Register and Login on Customer Portal | ServiceNow",
KB0020741,no account found when searching by company name,L1,Titan,,Unmapped,"no account found when searching by company name Application / Service Titan Description no account found when searching by company name Instructions In a search result, according to business logic max 50 records show in the grid. when they try to search for the client by Company Name, there are more than 50 results, but the system is limited to 50 results. That’s why they can’t find the correct company. In addition the whole list of companies associated with different brand types can not appear in the returned results. Ask them to search by company ref For the instructions on how the customer can contact Account Helpdesk and the centre team can do this for them, please go to the link below: https://support.iwgplc.com/sp?sys_kb_id&#61;0b92a3db87c50150ed48620c8bbb35ab&id&#61;kb_article_view&sysparm_rank&#61;1&sysparm_tsqueryId&#61;f2c0c8171b424590ba5febd4604bcb8d",
KB0027833,"""Raise"" button on ""Raise immediate invoice"" page is greyed out in TeamHub",L1,Team Hub,,Unmapped,"""Raise"" button on ""Raise immediate invoice"" page is greyed out in TeamHub Application / Service TeamHub Details Some services are not eligble to be available for ""Raise immediate invoice"". These services will be shown on Raise immediate invoice page on TeamHub but ""Raise"" button will be greyed out like in the example: Additional Information",
KB0020743,To change the Currency of the Center,L1,Titan,,Unmapped,"To change the Currency of the Center Application / Service Titan Details The currency does not depend on the customer's country, it depends on the center where the booking was made. Check the center where the client made the booking use booking ref (115783030), from booking profile switch to client details From client details switch to Admin - center admin, check the currency set for this center center currency is configured at Titan Admins via GSC.TitanSupport&#64;regus.com",
KB0028790,How to Monitor INT-AR-012 in Dynamics F&O,L2,Dynamics F&O,,Unmapped,How to Monitor INT-AR-012 in Dynamics F&O,
KB0020720,The renewal reminders are for some reason being sent to the wrong person instead of the primary contact for this company.,L1,Titan,,Unmapped,"The renewal reminders are for some reason being sent to the wrong person instead of the primary contact for this company. Application / Service Titan Details The renewal reminders are for some reason being sent to the wrong person instead of the primary contact for this company. Primary contact settings are incorrect. Checkbox ‘can charge to the company account’ should be ticked for the primary contact Go to Titan Clients, clients search Click eye icon Click list contacts on the left choose primary contact, click eye icon check in ‘contact details' field if ‘can charge to company’s account’ checkbox is ticked Pass to Center Team or AHD to update the settings in UI.",
KB0034473,How to raise an immediate invoice,Customer Support,Invoicing,,Unmapped,How to raise an immediate invoice Application / Service Titan (Applicable to Titan-enabled users only who have access and rights to raise an immediate invoice in Titan) Details Implementation: How to raise an immediate invoice Issue: Incorrect understanding of how to raise an immediate invoice. The user thinks it is raised upon editing a booking. You need to follow the steps below to raise an invoice. 1. Confirm the booking. We should not invoice provisional bookings. 2. Raise an invoice via Immediate Invoice screen. 3. Checked the booking page. The first row will display the charge raised. See the screenshot below.,
KB0020307,Cannot change End Date of agreement,L1,Team Hub,,Unmapped,Cannot change End Date of agreement Application / Service Titan Description Cannot change End Date of agreement Instructions Please follow the steps below when you Cannot change End Date of agreement 1. Ask the user for the start and end date of the agreement. 2. Check that if the time period between end date and start date is more than 3 months. 3. If the period between start and end date is less than 3 months month to month toggle will be re-enabled automatically and the end date won't be editable . Example : if the start date is 1 st January and end date is 30 th March 4. If the period between start and end date is more than 3 months the end will be editable . Example : if the start date is 1 st January and end date is 30th April If this is the case and users can't edit end date raise an MST.,
KB0037166,How do I update the number of occupants for a booking,Customer Support,Booking,,Unmapped,"How do I update the number of occupants for a booking Summary This article guides users on how to request a change to the number of occupants associated with a customer booking. Purpose To help centre teams submit a request through the correct Teamhub path to update the occupant count in an existing booking. 1. Self-Help First Confirm the booking and occupant information that needs to be updated. Check that a similar request has not already been submitted. Review the customer agreement to ensure changes are allowed. 2. IWG Academy Links GSC Escalation Process - IWG Academy 3. How to Raise a Request Teamhub Option: Go to: Teamhub > Company > Log a Task > Number of Occupants Note: Use the escalation guide if your request is delayed or unresolved. 4. What You Can Request Increase or decrease in the number of occupants in a booking 5. After You Submit GSC will review your request and make the update. If additional details are required, they will contact you directly.",
KB0020706,Need to change the language setting,L1,Titan,,Unmapped,Need to change the language setting Application / Service Titan Details To change language at company or contact level - should be passed to AHD. To change the default center language - pass to Titan Admin via GSC.TitanSupport&#64;regus.com,
KB0037018,How to end an agreement without business continuity service being added,Customer Support,Booking,,Unmapped,"How to end an agreement without business continuity service being added If the client is trying to terminate their agreement, but they are not able to opt out with business continuity service, please ask them to follow the next steps to terminate the agreement without business continuity service getting added: 1) Select the agreement and click on End Agreement button 2) Confirm you want to end the agreement 3) On the bottom left corner you will have an option to Opt Out of business continuity service: 4) Confirm that you want to end the agreement without this service 5) Your agreement is terminated without business continuity service, and you will see the following screen You can click on below link to find step by step instructions for the client to terminate their agreement from the beginning - OPS Help - How does a customer terminate their agreement?",
KB0027767,Invoice frequency not reflected on CP,L1,Customer Portal (MyRegus),,Unmapped,Invoice frequency not reflected on CP Application / Service Customer Portal Details In cases where customers complain that Invoice Frequency is not reflected immediately please check the following: 1. Open booking reference on Titan UI and check effective date Additional Information,
KB0027752,Difference between Recurring and One-Off services on TeamHub,L1,Team Hub,,Unmapped,"Difference between Recurring and One-Off services on TeamHub Application / Service TeamHub Details Difference between Recurring and One-Off services on TeamHub: Recurring services have a specific icon next to them ($ sign with arrows in a circle), for example: While one off services have a small shopping cart icon, for example: Changing to Recurring tab in Upcoming invoice screen and than adding a service does not mean it will be added as recurring service. Additional Information <Add links to more resources such as a page in the product documentation, SharePoint sites, related knowledge article, or other customer applications>",
KB0019139,No Business Rule for this Sale error while trying to make booking in Team Hub,L1,Team Hub,,Unmapped,"No Business Rule for this Sale error while trying to make booking in Team Hub Application / Service TeamHub Details When the user tries to make the booking in Centre option and get the above screenshot error, this is an issue with the service pricing which is not configured properly in Titan. In Titan under service pricing, the day pass must be set up for the centers with business lounge. If the configuration is not done properly then we will get this issue. In this case, we will ask them to contact GSC Titan Admin team via GSC.TitanSupport@regus.com to fix the issue in Titan.",
KB0028902,How to resolve INT-AR-033/Error code: 996-999-,L2,Dynamics F&O,,Unmapped,How to resolve INT-AR-033/Error code: 996-999-,
KB0029318,INT-AR-010 and INT-AR-006 Invoice Integration Issues – Troubleshooting Guide,L2,Dynamics F&O,,Unmapped,"INT-AR-010 and INT-AR-006 Invoice Integration Issues – Troubleshooting Guide KT Insight: INT-AR-010 Open invoice position F&O to Titan (via ESB)). This is an outbound integration where DFI picks up ""OpenInvoiceCurrentPosition"" and ""OpenPaymentsOnAccount"" data from D365FO and sends them to Titan . Titan uses this data to identify unpaid invoices and unpaid ""open payments,"" which can then be settled via Credit Card. D365FO runs a batch job to send messages in near real-time through the service bus, containing updated trade customer invoice records. Triggers include the issuance of invoices or credit notes (including retainer statements/invoices generated in Titan and sent to D365FO). These messages provide the necessary information to settle or unsettle invoices. When the remaining balance for a specific transaction change, a new message is created in the Integration queue. INT-AR-006 - Customer Invoices (Titan to D365FO via ESB) This is an inbound integration designed to process customer invoices from Titan to D365FO. The integration handles the creation of new customer invoice records. The integration will cover the creation of new customer invoice records. DFI picks up the data fr",
KB0037199,How do I request Withholding Tax allocation,Customer Support,Accounts & Companies,,Unmapped,How do I request Withholding Tax allocation Summary : This article guides users on how to request allocation of withholding tax indicated in the tax certificate provided. Purpose : This article provides the correct path to request the withholding tax via Customer Portal (MyRegus). Instructions : Go to Customer Portal (MyRegus)>Billing and Payments>Upload Financial Documentation Match withholding tax certificate based on the invoice paid. Follow steps under https://iwg.learn.link/content/5f9048a6ad634100100c9e72 on how to escalate the task to GSC Support team.,
KB0020724,OSA signed but booking is not loaded to Titan,L1,Titan,,Unmapped,"OSA signed but booking is not loaded to Titan Application / Service OSA Details go to Admin - Replay OSA insert OSA ref - click go if you see any ‘failed' action in column 3 you can click on 'view’ link and error message will expand this will provide you the reason why OSA failed and why booking/sale was not created. Zip code issue. If ‘Replay OSA’ says The zip can only contain letters, numbers, spaces or hyphens check what has been provided in OSA itself on the signed page of customer, he entered the Zip code as “Dublin 1,” - that comma sign caused the problem. Please, remove this sign and try again. or for this OSA client has provided Arabic letters like '٢٤٥٦٧' which are considered as non-ASCII characters and can not be accepted in Titan you can use Check for non-ASCII to check if characters are non-ascii. Anytime when it comes to OSA failure due to zip code reason in Replay OSA - please check what is provided by the client and ask them to review the value.",
KB0028863,Unable to add or see service on TeamHub,L1,Team Hub,,Unmapped,"Unable to add or see service on TeamHub TeamHub users who are facing issues related to being unable to find service to add on TeamHub most likely didn't select Home Centre of the Company for which they are adding service for. Correct process to add recurring service on TeamHub would be to: Login to TeamHub Select Home Centre of the Company Select Company Add Service If this order is not being done, TeamHub will not show recurring services under Add Service page and users would not be able to add it.",
KB0029475,Dynamics F&O | How to Resolve INT-AR-009/Error code: 996-,L2,Dynamics F&O,,Unmapped,Dynamics F&O | How to Resolve INT-AR-009/Error code: 996-,
KB0020222,Check if the Center is setup correctly for OSA,L1,Titan,,Unmapped,Check if the Center is setup correctly for OSA Application / Service Titan Description Check if the Center is setup correctly for OSA Instructions 1. Go to Titan UI 2. Admin -> Replay OSA > enter Pivotal reference to the left of the screen and hit GO 3. If one the following message appears: “You do not have sufficient privileges to create a company at this centre&#34; “You do not have sufficient privileges to create a contact at this centre&#34; You do not have sufficient privileges to create a booking at this centre&#34; Please ask GSC (GSC.TitanSupport&#64;regus.com) to check the Center setup.,
KB0028766,Decline message from Payment Provider,Customer Support,Payments,,Unmapped,"Decline message from Payment Provider This flyout and the decline message are controlled by the payment provider. The Customer Portal does not manage or influence this message directly. As this issue originates from the payment provider, it will need to be reviewed on their side.",
KB0028317,End Agreement Button Not Clickable – Notification Period Expired,L1,Customer Portal (MyRegus),,Unmapped,"End Agreement Button Not Clickable – Notification Period Expired Application / Service Customer Portal Description Why is the END AGREEMENT button greyed out for the client? This article explains the scenario where a customer is unable to click the ""End Agreement"" button in the MyRegus portal, due to the notification period having expired Instructions 1. Go to Titan> Client Search and open the admin account 2. Go to Bookings tab, and check for latest agreements. If there are multiple agreements ask the center staff to provide the Booking reference of the agreement, client wants to terminate. 3. Open the agreement by clicking on the ""eye"" button present beside Booking reference no. 4. Click on Inventory Sale button and check the Notification Due Date. 5. If the Notification Due Date has already passed, the customer is no longer eligible to terminate the agreement through the system. As a result, the ""End Agreement"" button is intentionally disabled (greyed out). This behavior is working as designed. NOTE- 1) Agreement cannot be terminated from Myregus staff mode, client will have to login and terminate by themselves. 2) Only the admin of the company can terminate the agreement, if th",
KB0029238,Unable to activate Coffee/Tea or Mail Services card,L1,Customer Portal (MyRegus),,Unmapped,Unable to activate Coffee/Tea or Mail Services card Most common issue when users are trying to activate Coffee/Tea or Mail Services card on Customer Portal is that the contact they are trying to assign the card to does not have full details filled out on Titan. Please check the example from Screenshot: Contact from screenshot cannot have card activated for him due to missing mandatory information on Titan.,
KB0037170,How can customers update their details in Customer Portal,Customer Support,Accounts & Companies,,Unmapped,How can customers update their details in Customer Portal Summary : This article guides users how to update - for countries with legal requirement - customer details such as: Company name Value Added Tax (VAT) details Address change Purpose : The purpose of this article is to guide users to the correct path to update customer details in Customer Portal. Instructions : Redirect customer to update the details in Customer Portal. Centre team to follow the guide how to handle customer queries via IWG Academy Link .,
KB0025434,How to check VAT changing issues on Customer Portal,L1,Customer Portal (MyRegus),,Unmapped,"How to check VAT changing issues on Customer Portal Application / Service Customer Portal Details If any client or center team is facing an issue in changing their VAT on Customer Portal, please first check in Titan if that VAT number (which center team is expecting) is displayed or not. If it is not the same, ask them to reach out to GSC Billings team as they will have to modify it from Financial Data tab in Titan. It is as designed issue. Additional Information GSC Billings team - Refer to KB0020807",
KB0020726,Unable to book Meeting Room,L1,Titan,,Unmapped,"Unable to book Meeting Room Application / Service Titan Details A normal customer account so that cannot book free meeting rooms via Titan. Please ask the Requestor to log into Customer Portal with their staff account and book that way. If a staff user has two accounts (personal and staff one) he should make sure that he is using staff account. If you need to verify which account to use, ask Titan Admins. Please reach out to GSC Titan Admins via GSC.TitanSupport&#64;regus.com",
KB0037180,"How do I request set up, removal or change of an experience room in the center",Centre Support,Centre Configuration,,Unmapped,"How do I request set up, removal or change of an experience room in the center Summary Need to set up , remove , or change an experience room in your center? Follow these simple steps to get the right support. Instructions: Send your request to the correct regional billing helpdesk: APAC : APAC.BillingHelpdesk@regus.com EMEA : EMEA.BillingHelpdesk@regus.com UK : UK.CentralBilling@regus.com US : US.BillingHelpdesk@regus.com Canada : Canada.Billing@regus.com 2. If your request is urgent or needs further follow-up, you can escalate it to the GSC Support Team. Follow steps in this guide: https://iwg.learn.link/content/5f9048a6ad634100100c9e72",
KB0028885,Zip Code Now Required for Credit Card Registration,Customer Support,Payments,,Unmapped,"Zip Code Now Required for Credit Card Registration Update: Zip Code Now Required for Credit Card Registration When adding or registering a credit card in MyRegus, customers in certain countries will now need to enter a zip code (postal code). This change helps make sure that credit card payments are processed successfully and don't fail due to missing information. Why This Change Was Needed Some customers were facing payment failures because their country didn't ask for a postal code during the credit card registration process. Since most payment systems require a postal code to verify transactions, we've now updated our settings to fix this issue. Which Countries Are Affected From now on, customers in the following countries will need to enter a zip code when adding their credit card: &bull; Hong Kong &bull; Colombia &bull; United Arab Emirates &bull; Saudi Arabia &bull; Turkey &bull; Vietnam &bull; Cyprus &bull; Republic of Ireland &bull; Oman &bull; Panama What customers need to Do - If the clients are in one of the countries listed above: &bull; When clients register or update the credit card on MyRegus, please make sure that they fill in the zip code/postal code field.",
KB0029470,How to set Credit Card as default payment method,L1,Titan,[Payments Registration] Issue setting up default payment method,Medium,How to set Credit Card as default payment method,EMPTY BODY in source export
KB0017789,Titan | How to amend preferred language option in Titan UI?,L2,Titan,,Unmapped,"Titan | How to amend preferred language option in Titan UI? Application / Service Titan Description Client received NPS reminder in Simplified Chinese, but it should be in Traditional Chinese Instructions Contact language preferences can be amended through Titan UI under contact details tab.",
KB0029508,Titan: How to Run the Invoice Extract Report by Country,L2,Titan,,Unmapped,Titan: How to Run the Invoice Extract Report by Country,
KB0020832,The Automatically renew virtual office booking checkbox was unticked originally,L1,Titan,,Unmapped,"The Automatically renew virtual office booking checkbox was unticked originally Problem: The Automatically renew virtual office booking checkbox was unticked originally Resolution: These are all very old examples, we used to see this happening and added additional logging was added in April 2021 to track these changes. Any changes made before this time, and these all were created before then, would not have had the change logged against the sale. Without any recent examples of this happening we can only conclude these were changes made by users before the logging was added. This was the pattern that we were seeing at the time, which is why the additional logging was put in place.",
KB0020217,Verify Internal Booking Cancellation,L1,Titan,,Unmapped,"Verify Internal Booking Cancellation Application / Service Titan Description Verify Internal Booking Cancellation Instructions When the cancellation is made internally (IWG), Titan does not send any email confirmation to the customer. 1. Go to Titan UI 2. Go to Bookings 3. Enter the Booking Ref 4. Click on View 5. Click on Inventory Sales In this section you will be able to see who terminated the booking",
KB0032217,How can I change the language of my invoice in Customer Portal,Customer Support,Payments,,Unmapped,"How can I change the language of my invoice in Customer Portal If you need to change the language of your invoice in the Customer Portal, follow these simple steps: Log in to MyRegus - Access your account using your credentials. Go to the ""Account"" section - Navigate to your account settings. Select ""Billing and Payment"" - Locate the billing preferences. Update ""Preferred Invoice Language"" - Choose your desired language from the available options. Once updated, all future invoices will be generated in your selected language. If you experience any issues, feel free to reach out to customer support for assistance.",
KB0020216,Check Contact's Credit Card,L1,Titan,,Unmapped,"Check Contact's Credit Card Application / Service Titan Description Check Contact's Credit Card Instructions To Confirm that the Credit card is present in Titan. If the CC is not present in Titan, then the user needs to add it via Customer Portal 1. Go to Titan UI 2. Click on Clients -> Client Details 3. Enter the Contact Ref or Company Ref 4. Click on Search 5. Click on View Details button 6. Click on List Contacts 7. Click on View Details 8. On contact details scroll down to the Payment Card Details section 9. In this section you can see the credit card details 10. If the credit card detail section is empty then the Customer needs to add the Credit Card via Customer Portal.",
KB0026682,Titan / CP | Account reinstated but invoices were not raised,L1,Titan,,Unmapped,"Titan / CP | Account reinstated but invoices were not raised Application / Service Titan / IWG Portals Details Issue Detail: Account has been reinstated, but invoices are not being raised. No invoice for December 2023. Resolution: This is as designed. Because the center (as an example, center number 6288) the company belongs to is set to NOT invoice anything upon reinstatement. Please refer to the Inventory Pricing screen. L1 currently does not have access to Inventory Pricing screen. Ticket requester may have this setup checked by Inventory team via Global.inventory@regus.com If set-up is correct and there is an issue, best if Global Inventory team can raise the IT ticket along with the details. Additional Information Reference: MST-57505",
KB0028442,Client's account showing as blocked on Myregus,Customer Support,Accounts & Companies,,Unmapped,"Client's account showing as blocked on Myregus Scenario: If a client is unable to access their account and it is shown as blocked or suspended, it may be due to a linked account being blocked. Steps to Troubleshoot: 1. Check the Account in MyRegus (Staff Mode): Use the client's account number to search in MyRegus Staff Mode. 2. Identify Linked Accounts: Review all linked accounts displayed in the search results. 3. Check for Blocked Accounts: Look for any account highlighted with a red mark (indicating it's blocked). &bull; Example: If account 13206166 is not accessible, and the linked account 13546672 is marked in red, it means 13546672 is blocked, which affects 13206166 as well. 4. Next Step - Raise to Reinstatement Team: Reach out to the Reinstatement Team and request the reinstatement of the blocked account (the one highlighted in red). Path - How to Contact the Reinstatements Team Notes: &bull; Linked accounts are part of the same root company; if one is blocked, it can impact access to others. &bull; Always raise a reinstatement request for the account marked in red, not just the one the client mentions.",
KB0026260,Linking clients accounts in Customer Portals,Customer Support,Accounts & Companies,,Unmapped,"Linking clients accounts in Customer Portals Application / Service Customer Portals Description Linking accounts in Customer Portals Instructions 1.Login to CP 2.Click on the dropdown menu to switch profile 3.Click on Manage company account 4. Click on Add new company account 5. Join existing account 6. Fill out needed information and click on Next After the steps above, invitation for the contact to join existing account will be sent. Last step is to log in to the new account (as staff) and accept the invite under Team > Access Requests Once all steps are completed, account will be linked. Additional Information",
KB0010803,How to cancel multi-day office booking in Titan,L1,Titan,,Unmapped,"How to cancel multi-day office booking in Titan Application / Service Titan Description How to cancel multi-day office booking in Titan Instructions To cancel Multi-day Office Booking, please follow instruction below: 1. Hover your mouse to Bookings Menu then click on Reservation Search . 2. Enter Titan Booking Ref then click on Search 3. Choose the Booking Date you need to cancel then click on Edit (pen and paper icon). 4. Click on Cancel This Booking? 5. Select Cancellation Reason, Click on Check , Click on Total then click on Next 6. Click on the Update Button to proceed with the cancellation",
KB0028870,How to Monitor INT-AR-033 in Dynamics F&O,L2,Dynamics F&O,,Unmapped,How to Monitor INT-AR-033 in Dynamics F&O,
KB0020740,set a different termination date,L1,Titan,,Unmapped,"set a different termination date Application / Service Titan Details when the termination is done on 1 day of Month, the End Date will be the last date of this Month - so with the termination made on 1 of February the End Date is 28 of February, is it correct and it as designed. If the customer terminates any other day and not the 1st day of the current month, then the termination date will be the last date of the next month. To set a different termination date, AHD/GSC should make a rollback of termination, and terminate the agreement again. For the instructions on how the customer can contact Account Helpdesk and the centre team can do this for them, please go to the link below: https://support.iwgplc.com/sp?sys_kb_id&#61;0b92a3db87c50150ed48620c8bbb35ab&id&#61;kb_article_view&sysparm_rank&#61;1&sysparm_tsqueryId&#61;f2c0c8171b424590ba5febd4604bcb8d",
KB0020714,Client unable to request for retainer on file via MyRegus/MySpacesworks online.,L1,Titan,,Unmapped,Client unable to request for retainer on file via MyRegus/MySpacesworks online. Application / Service Titan Details Issue with the retainer amount should be passed to Finance team/GSC Team. Issue with missing ROR button on CP should be addressed to CP Team. Please reach out to GSC billing team via https://support.iwgplc.com/sp?id&#61;sc_cat_item&sys_id&#61;b84626e687788190a310baaabbbb35b0&sysparm_category&#61;e8723e45870b0150ed48620c8bbb3564,
KB0030921,Customer Portal | How To Check for RoR (Return of Retainer) Eligibility,L1,Customer Portal (MyRegus),[Retainers] Retainer issues,Medium,"Customer Portal | How To Check for RoR (Return of Retainer) Eligibility An RoR (Return of retainer) is a functionality that the client can use to get a refund if they cancelled the booking early (membership booking) or if they downgraded/upgraded to a different membership type in which their is a price difference (the upgrade/downgrade has to be cheaper than the original). Client is eligible if the following criteria is met: No active booking on their account Client chose to terminate agreement Agreement was terminated earlier than the intended date No breach of contract occurred If the bookings made were LTO, VO or Workstation How to check for eligibility If there is inability to claim an RoR for the client we need to check their eligibility first. The first step to check all that would be from Titan. On Titan search up the company in which filed the inquiry and go to the booking tab. What we are checking here is if they have an active booking currently: If, for example, the booking expired we would need to click on the ""eye"" symbol and open up the details. Then go to inventory sale and see if the Client made the cancellation of if was Regus. The reason this is important is if Reg",
KB0020248,Resolving Password reset issue through AppInsight,L1,Customer Portal (MyRegus),,Unmapped,"Resolving Password reset issue through AppInsight Please follow the below steps. 1.Login to App Insigt https://portal.azure.com 2.Set resource on Proton-Prod 3.Navigate to Transaction search 4.Into the search field enter email address which is facing the issue 5.Set Local Time to Last 30 Days 6.Click enter and all traces for the past 30 days will appear 7.When the user is trying to reset their password, and they do not recive verification code, we should receive this trace ( wait 4-5 minutes ) 8.Open Trace that we recevied, expend message that we recevied clicking on „ show more“ and verification code should be visible 9.Copy Verification code from App Insight and paste it to the user",
KB0020218,Verify Membership Type,L1,Titan,,Unmapped,"Verify Membership Type Application / Service Titan Description Verify Membership Type Instructions If a booking is created by the contact that is not entitled to a membership type, for example “ unlimited office membership ” then the system will apply charges. Only the contact with the “ unlimited office membership ” should create the booking if they want it to be free. The next steps show how to verify the Membership type of a contact. 1. Go to Titan UI 2. Click on Clients -> Client Details 3. Enter the Contact Ref or Company Ref 4. Click on Search 5. Click on View Details button 6. Click on List Contacts 7. Click on View Details 8. Scroll-down to Membership section and check for the membership type",
KB0021390,How to check if the Membership is eligible for Free Visit?,L1,Team Hub,,Unmapped,"How to check if the Membership is eligible for Free Visit? Application / Service Team Hub Description How to check if the Membership is eligible for Free Visit? Instructions 1. Search and select the Company, that the TH User is reporting as an issue, on Titan UI 2. Select Contact from that Company 3. Check if the Contact has a valid Membership card 4. On TH select Centre user is checking into 5. Select Lounge > Add > Find user company 6. On check-in screen click on Membership button to check membership related to that contact, it must match with Titan UI: 7. Payment button will show payment card information if there is one on file, it must match Titan UI:",
KB0020752,When the user will get Cannot make a booking: at least one booking is past the expiry date of a card selected Error on Titan,L1,Titan,,Unmapped,"When the user will get Cannot make a booking: at least one booking is past the expiry date of a card selected Error on Titan Application / Service Titan Details The following message can appear upon any try to edit the booking in Titan. Error message: Cannot make a booking: at least one booking is past the expiry date of a card selected. The company financial data has the setting called Pay by . It it is set to Payment Card , that means the system will check the company’s card (whether it valid or not) every time you create any bookings for it. If the Payment Scheme is set to Immediate - the system will check that card on the contact profile among cards stored on file. If the Payment Scheme is Monthly - the system will check the card provided on Financial data. Since the card field is not provided, you see this error. The requestor needs to be advised to: Set the card respectively, or change the Pay By method by customer via CP, or by AHD using the Titan UI. Please add the card. Or, change the Pay by method to any other.",
KB0028401,How do I update my email or username on the MyRegus website?,Customer Support,Accounts & Companies,,Unmapped,"How do I update my email or username on the MyRegus website? Description Please follow the steps below to update your email and username (your email is your username) on the MyRegus website. Instructions 1. Go to the MyRegus website at https://myregus.com 2. Log in to the MyRegus website with the email and password you were previously using. 3. Click on Your Profile in the top left corner. 4. Scroll down to Update email address , enter your new email address and password, then click on Update . Confirm your choice by clicking Yes when asked to. Note: &middot; updating your email on the MyRegus website will update it on the Regus app, and vice-versa. &middot; after changing your email, you will need to use the new email to log in to the MyRegus website and to the Regus app",
KB0014492,How do I log in to Titan,L1,Titan,,Unmapped,"How do I log in to Titan Application / Service Titan Details Log in Titan is our billing application. It is used by the Centre team and many team members. Please use your Microsoft username (e.g. john.smith&#64;regus.com) and Microsoft password to log into Titan. 1. Open your internet browser and go to https://titan.regus.com 2. Use your Microsoft account username and password to login Note: If you can't log-in, please access the below link to raise an IT ticket. https://iwgprod.service-now.com/sp?id&#61;sc_cat_item&sys_id&#61;b702b88a1b427010f4eb639ce54bcb10&sysparm_category&#61;ecf340611bc03810f4eb639ce54bcbde",
KB0019963,Myregus charged cancellation fees for booking without informing client,L1,Customer Portal (MyRegus),,Unmapped,"Myregus charged cancellation fees for booking without informing client Application / Service Customer Portal Details MyRegus Charged cancellation fees for booking without informing client Moving booking from one centre to another will cancel original booking. Staff needs to waive cancelation fee. This is by design There is no way to move bookings between centers. The booking must be cancelled and rebooked in the other centre. This used to be done by the centre teams who would waive any cancellation fee as long as there was another booking. From CP side we can’t amend same booking on a different centre , the booking has to be cancelled and if we want to cancel booking from CP than we will show cancelation fees as well.",
KB0026344,How to handle tickets under Dynamics F&O but managed by other team as they are non-IT issues.,L1,Dynamics F&O,,Unmapped,"How to handle tickets under Dynamics F&O but managed by other team as they are non-IT issues. Application / Service Dynamics F&O Description There are issues or requests created in ServiceNow but tagged incorrectly and may be associated to Dynamics F&O because, 1. Configuration/set up manages by GSC FIN ADMIN team Center-entity mapping issues Vendor tax calculation errors Suspended centres issues and request to unsuspend centres 2. Dynamics CRM/CRM Team Cases 3. VM/Supplier Management Team 4. Others This provides steps on handling ticket under Dynamics F&O non-IT issues mentioned above. Instructions 1. Most of the Dynamics F&O configuration/set up is managed by GSC FIN ADMIN team (IWG_FIN D365 ADMIN). Setup related to Company code creation Financial Dimensions config Bank account setup GL/Posting account setup Period closing Workflow setup, maintenance (user group/workflow approver setup) Center/entity that is suspended/setup to unsuspend b. Center-entity mapping c. Vendor tax calculation errors d. Other Dynamics F&O request related configuration/setup Next Step: Resolve the ticket and request the user to create a new one. The path to the correct catalogue: Issues: Finance Applicat",
KB0010885,Personal Payment Methods VS Company Payment Methods,L1,Titan,,Unmapped,"Personal Payment Methods VS Company Payment Methods Application / Service Titan Details There are two kinds of payment methods that can be added by the client to their online account: we have personal and company payment methods. The personal payment cards can be found under Your Profile -> Personal payment methods: Company payment cards can be found under Account -> Billing and payments -> Manage payment methods -> Payment methods: If a customer wants to set up a default payment method for settling monthly recurring fees, they need to go to Account -> Billing and payments -> Manage payment methods -> Default payment preferences and select a company card or other company payment methods from the dropdown:",
KB0020833,Booking loaded via Enterprise Loader,L1,Titan,,Unmapped,"Booking loaded via Enterprise Loader Problem: No Pivotal Reference displayed in Titan Resolution: This booking had been created via EnterpriseLoader andno piv ref was provided to Titan, nothing wrong on Titan side. Please pass to Enterprise Loader team.",
KB0020723,If the Centre is displayed under automation list,L1,Titan,,Unmapped,If the Centre is displayed under automation list Application / Service Titan Details If the Centre is displayed under Invoicing automation list - Admin → Centre Admin → Paste the center number: Centre number 593 is closed on 2021-09-01. That’s why it is displayed under the automation list. Advise the user to contact GSC titan admin team via GSC.TitanSupport&#64;regus.com,
KB0037205,How do I request for retainer transfer for a customer,Customer Support,Return of Retainer,[Retainers] Retainer issues,Medium,"How do I request for retainer transfer for a customer Summary : This article guides users on how to request a transfer of retainer from one centre to another centre or from one account to another account. Purpose : This article provides the correct path to open a ticket to request a transfer of retainer via Teamhub. Instructions : Please ensure the following necessary details are provided upon request: Centre number and customer's titan account where the retainer will be coming from Centre number and customer's titan account where the retainer will be transferred to Amount of retainer to be transferred Termination date Is this for the same entity or different company name? If different company name, please provide a copy of ADDENDUM If all the required details are now available, log a task in Teamhub > Company > Log a Task > Select account > Retainer transfer request Follow steps under https://iwg.learn.link/content/5f9048a6ad634100100c9e72 on how to escalate the request to GSC Support team",
KB0029231,How to resolve INT-AR-060/Error code: 14-,L2,Dynamics F&O,,Unmapped,"How to resolve INT-AR-060/Error code: 14- Application/Service Dynamics F&O Description How to resolve INT-AR-060/Error code: 14- Error Text (Scenarios): Fiscal period not open for Feb to May Intercompany customer mapping issue 3. Reprocessing might give more detailed error message. 4. Only ledger or customer information sent in the message, so transactions do not balance and message is not complete Root Cause: Fiscal period not open for Feb to May - ""fiscal period is closed"" 2. Intercompany customer mapping issue - ""ledger settlement during customer payments, intercompany account/entity that is missing"" 3. Reprocessing might give more detailed error message. - ""empty/blank errors"" 4. Only ledger or customer information sent in the message, so transactions do not balance and message is not complete - ""ledger settlement during customer payment, on amounts that do not balance. Another reason is when FINAPPS may missed credit/debit amount. Resolution steps for INT-AR-060/ 14- Scenario 1: Fiscal period not open for Feb to May - ""fiscal period is closed"" Check with GSC FIN admin by providing details - customer account, center, entity value, amount, and transaction date for them to valida",
KB0028834,Customer made 2 bookings in the same day but did not get charged properly,L1,Customer Portal (MyRegus),,Unmapped,"Customer made 2 bookings in the same day but did not get charged properly If a Membership customer visits two locations on the same day how will this be charged? ► This will be considered as 2 days of use and deducted from their monthly allowance, or charged accordingly. EXAMPLE ONE: If a Membership customer makes the following bookings on the same day: Centre A: 9am -12pm Centre B: 1pm - 5pm T his means that 2x days will be deducted from their monthly allowance when making the bookings in their online account (or will be charged if they have exceeded their allowance). EXAMPLE TWO: If a Membership customer makes the following bookings on the same day, at the same time: Centre A: 9am -12pm Centre B: 9am -12pm This means the first booking will be deducted from their allowance, but the second booking at Centre B will be charged (as this indicates that a second person is using the single Membership and so should be subject to standard rates for a non-Member)Link here: https://iwg.learn.link/content/5f9048c1ee985a00106a3b00",
KB0020735,The discount of 20 % is applied to bookings due to the Price Plan configured for all these companies,L1,Titan,,Unmapped,"The discount of 20 % is applied to bookings due to the Price Plan configured for all these companies Application / Service Titan Details The discount of 20 % is applied to bookings due to the Price Plan configured for all these companies. Inform the requester that they need to correct Company Accounts in Titan to display 10% that corresponds to the membership. To check the current price plan of the customer go to Customer Portal - account - products and services - membership Then do the same checking in Titan Go to the Company profile - company details tab if price plan requires correction, pass to GSC Billings team via https://support.iwgplc.com/sp?id=sc_cat_item&sys_id=b84626e687788190a310baaabbbb35b0&sysparm_category=e8723e45870b0150ed48620c8bbb3564",
KB0020754,Why blocked company is still invoiced?,L1,Titan,,Unmapped,"Why blocked company is still invoiced? Application / Service Titan Details If the blocked company is still being invoiced - Resolution : The Show as Excluded checkbox that is on the Company’s Financial tab is not selected, that means that company is only blocked, and NOT excluded from invoicing. The companies might have been suspended manually suspended and NOT by BS-1845. Advise: Please set the InvoiceExclusionFlag for these companies by selecting the Show as Excluded checkbox on the Financial tab of the relevant company.",
KB0020755,To check if the clients are loaded correctly in Callstream,L1,Titan,,Unmapped,"To check if the clients are loaded correctly in Callstream Application / Service Titan Description Issue: Please can you assist in getting the below 2 clients loaded on Callstream. Instructions Basic checking: check if accounts are blocked under Financial data tab in UI. If so, the Callstream data extract does not extract blocked companies. The system is designed this way. Any question should be redirected to the team of business analysts.",
KB0024565,Access Card option missing under quick access in Customer Portal,L1,Customer Portal (MyRegus),,Unmapped,"Access Card option missing under quick access in Customer Portal Application / Service Customer Portal Issue Symptoms / Error Staff and customers both are unable to see the option ""Access Card"" under Quick Access in Myregus account Resolution There can be 2 cases when the Access Card option is not showing - 1) If it is a new center - Raise MST to further check from L2 team 2) If the agreement end date is expired or haven't started - This is As Designed issue, if the agreement is not started, please ask the client to wait till start date. If the agreement is expired, it is As Designed, they will have to buy a new agreement, or renew the same one. 3) If the contact is registered on CP - If they are not registered Access Card option will not show. Additional Information To check if the center is new or not, Go to Titan>Admin>Centre Admin and check the Opening date To check the agreement date, go to Titan>Client Search>Search Company>Agreements section and then open the desired agreement which client has mentioned To check if they are registered, go to CP>Seach for Company and Contact>Select Contact>Your Profile>Security Preferences (additionally checking Contact in Titan under Linked",
KB0029486,How to resolve INT-AR-060/Error code: 37-,L2,Dynamics F&O,,Unmapped,How to resolve INT-AR-060/Error code: 37-,
KB0020897,How to search for a MAC address in SQL Production,L1,Customer Portal (MyRegus),,Unmapped,"How to search for a MAC address in SQL Production Steps to search for a MAC address in SQL Production - 1) Login in the server and then tick connect. 2) Once logged, select New Query 3) Enter the script and mac address, select database – ProductionReplication and Execute You will be able to see the Company ID where the MAC address is added. Search that Company in Myregus and after checking, give the feedback to the center team. Here is the script which should be used to search MAC adress - select cd.ContactDeviceUuid, cd.ContactID, c.CompanyID, co.CompanyName, c.FirstName, c.LastName, c.IsActive, cds.ContactDeviceID, cds.ContactDeviceStatusTypeID, cdst.ContactDeviceStatusTypeDescription, cd.EffectiveStartDate, cd.EffectiveEndDate from ContactDevice cd inner join dbo.Contact c on c.ContactID &#61; cd.ContactID inner join dbo.Company co on co.CompanyID &#61; c.CompanyID inner join dbo.ContactDeviceStatus cds on cds. CompanyID &#61; c.CompanyID inner join dbo.ContactDeviceStatusType cdst on cdst.ContactDeviceStatusTypeID &#61; cds.ContactDeviceStatusTypeID inner join dbo.ContactCurrentVersion ccv on ccv.ContactID &#61; c.ContactID and c.ContactVersion &#61; ccv.ContactVersion Where cd",
KB0037291,How to link an account to existing company.,Customer Support,Accounts & Companies,,Unmapped,"How to link an account to existing company. Like admins can invite members, individual members can also request access to existing accounts. Only admin of the account can approve their access request and they will join the team. There are few journeys where users can request access. 1. While registering themselves. 2. After registering, they can do it when they ""ADD COMPANY"". 3. Or on manage company accounts page, to add one more company. When a client wants to link their account to an existing company, they will have to follow the below given steps - a) When they choose to add company, they have to click on ""Join existing account"" b) Add account number and submit. This will create request for admin of the company. c) Admin of the company needs to login to their portal account and navigate to Team > Access requests. They are shown list of requests there, they can approve/reject from there. Please note that if the client has already submitted the request to join the account for once, they will get an error if they try to add that company again, because one request is already there in admin account for the admin's approval. Duplicate access request will be denied and will show this e",
KB0032437,How To Contact Accounts receivable Team to Request Account Reconciliation,Customer Support,Payments,,Unmapped,How To Contact Accounts receivable Team to Request Account Reconciliation Application / Service TeamHub Details Payment Allocation Steps to navigate: Log in to TeamHub Navigate to Center section Select the center in which is the targeted company Navigate to Company section Select the targeted company Select Log a task action item Verify there are both options displayed: Payment allocation and Retainer transfer request Retainer - Missing Retainer refund This will result in the creation of a CRM ticket with the correct details populated on the screen.,
KB0025534,Invoice for a booking was not raised,L1,Titan,,Unmapped,"Invoice for a booking was not raised Application / Service Titan > Invoicing Issue Symptoms / Error Invoice was not raised Resolution Reason 1 The invoice will not be raised until the associated center is opened. Here, as an example, the company was created on the 27th of April. While center was opened on the 1st of May. That is why the initial invoice was not raised. In this case, please refer to the GSC Billing team to raise an invoice manually. To check the date the company was created, go to the company's profile page in Titan UI (see the screenshot below). To check the centre's open date, select Centre Admin , from the Admin menu (see the screenshot below). Reason 2 The invoice might not be raised due to center not enabled for invoicing. To enable invoicing for the center, the Invoice Start date should be set. To check that, go to Inventory Pricing , under the Admin menu (see the screenshot below). Additional Information Related MST: MST-60287, MST-60954",
KB0027854,Customers unable to create booking,L1,Customer Portal (MyRegus),,Unmapped,"Customers unable to create booking Application / Service Customer Portal Details In cases where users are getting ""Something went wrong"" while creating a booking on Customer Portal check the following: - If account type is guest there is a rule about guest type companies, they can only have a single booking with EndDate greater or equal to now. Titan won't let you submit another booking if there is an existing sale like this. Additional Information",
KB0032223,Error when Logging In Myregus Staff Mode,End User,Login,[Login] Error while logging in to Myregus staff mode (different issues encountered),High,"Error when Logging In Myregus Staff Mode When you encounter an issue that an unexpected error occured or a different error when logging in on Myregus Staff Mode, please do the following: 1. Please clear your cache and cookies of your browser: You may follow the steps below on how to clear your cache and cookies : On Chrome Click on the 3 vertical dots on the top right corner Click on History Click on Clear browsing data on the left sidebar In the popup that appears, select a ""time range"" and the options Cookies and other site data and Cached images and files Click on Clear data On Microsoft Edge Click on the 3 horizontal dots on the top right corner Click on Settings Under the Clear browsing data option, click on Choose what to clear Select the checkbox Cookies and saved website data and Cached data and files Click on the Clear button TIP: Please check everything except for your passwords Select All Time in the Time Range. 2. Once the cleaning has been completed, restart your browser 3. Open your browser and then type myregus.com. This should let you log in now with no issues.",
KB0028579,Inactive client on Myregus - Request activation approval,L1,Customer Portal (MyRegus),,Unmapped,"Inactive client on Myregus - Request activation approval Summary - If a customer is unable to log in to their account or that the verification code is not being delivered via email or mobile phone, the issue may be related to the user account being inactive. Follow the steps below to investigate and resolve the issue. Step-by-Step Instructions - 1. Search for the Customer's Company Log in as a staff member. Use the Account Number provided by the customer to search for their company. 2. Identify the Affected User Once the list of Contacts is displayed, locate the Name of the user experiencing login issues. 4. Impersonate and Review Security Preferences - Check Activation Status Select the contact and impersonate the user. Navigate to: Your Profile ➝ Security Preferences Under the Security Preferences, check the Status field. If it says Inactive, the account must be activated. Requesting Activation Permission - Before activating the account, you must request approval from a staff member. You can use the following message as a template: Hello, We need staff approval to activate this account, as there might be a reason why this user is currently inactive. Thank you! Next Steps After Ap",
KB0037164,How to Request a Booking Correction or Update,Customer Support,Booking,,Unmapped,"How to Request a Booking Correction or Update Summary This article guides users on how to request a correction or update to a customer booking, including special cases such as terminations, account merges, or blocked renewals. Purpose To assist centre teams in submitting accurate booking correction requests and directing them to the correct support or escalation path if issues arise. 1. Self-Help First Review the booking history to ensure the correction has not already been made. Confirm the booking issue qualifies for manual intervention. Consult the IWG Academy Escalation Process if the request is not progressing. 2. IWG Academy Links GSC Escalation Process - IWG Academy 3. How to Raise a Request Teamhub Option: Navigate to: Teamhub > Company > Log a Task > Booking Correction Note: Use the IWG Academy guide if the request needs escalation to GSC Support. 4. What You Can Request Termination process where booking is no longer visible in the Termination journey in TeamHub (in exceptional cases only, subject to global policy) Termination of an overdue renewal booking Corrections to Month-to-Month (MTM) terminations Merging of duplicate customer accounts Assistance with overdue renewa",
KB0037887,Customer Portal staff mode Login errors,End User,Login,[Login] Error while logging in to Myregus staff mode (different issues encountered),Medium,"Customer Portal staff mode Login errors This guide explains the most common login errors staff encounter when accessing Customer Portal Staff Mode , along with steps to fix them. Error 1: ""You cannot login with social providers, please login using email address"" Cause Staff are attempting to log in using Microsoft (or another social provider). Staff mode does not support social login. You must log in using your corporate email address to trigger the IWG authentication process. How to Log In Correctly 1. Go to the Login Page Open the Customer Portal login page. 2. Enter Your Corporate Email Address Type your corporate email (e.g., firstname.lastname@iwgplc.com ). Do NOT choose Microsoft Login or any social login option. After entering your email, the system will automatically redirect you to the IWG corporate login page. 3. Complete the Corporate Login Enter your corporate username and password. Authenticate using MFA if prompted. 4. Select ""Log in as Staff"" On the page that says: ""Log in to access all our services and products"" Click: Log in as Staff 5. Access the Portal Once authenticated, you will be returned to the application with full staff access. Error 2: ""Please use the sam",
KB0028526,Titan | Email issue | invoice preference update triggered email to all contact,L1,Titan,,Unmapped,"Titan | Email issue | invoice preference update triggered email to all contact Issue: Invoice preference update triggering update email to all the contacts in the company account. Details: Email body: Seems that the contact preferences changes made at your end resulted in an email to all ""company"" associates regarding the latest invoice. Validation: When we change the invoice preference on the parent company, the system then pushes that change along the copy company as well. So, in this case all those contacts who received emails are for their own companies because we know each copy has a separate company in Titan and that copied Contact is a Primary Contact of their own company We update the preferences on those copied companies, and they are all getting emails According to article BS-2194 this goes with system design. The update was added in June 2020 is to update the invoice preferences for all copies is delivered. This is a system designed case.",
KB0029247,How to Resolve INT-AR-009/Error code: 1000,L2,Dynamics F&O,,Unmapped,How to Resolve INT-AR-009/Error code: 1000,
KB0010844,How to Remove Payment Card,L1,Customer Portal (MyRegus),,Unmapped,"How to Remove Payment Card ISSUE : Unable to Remove Payment Card or Credit card due to this error message "" The Card is a default payment method for the company. You may not delete the card ."" These are following reason why we can't remove a payment card or credit card: &middot; The Payment card is set as Customer's Default Payment Method &middot; There might invoices with Pending Payments attached to the Payment card &middot; There might a Cloned Account uses card as Default Payment Method e.g. For this ticket 1153031, the reason why the users can't remove the payment card under Company Ref 9664700 is due to their Cloned Account (Company ref 9671328) still uses card as Default Payment Method. Error Message when removing the card Part 1: How to Remove/Delete a Payment Card or Credit Card &middot; Search the Account Number 9664700 &middot; Go To Financial Data Screen &middot; Click on Edit Company &middot; Set the Preferred Payment Method to e.g. Direct Debit, Bank Transfer or Bank Draft/Cheque &middot; Click on Correct to Save ( Go to List of Contacts or Search affected Contact Ref 11252377 Click on Edit Contact button Go to Payment Card Details Click on Delete Lastly, Click on Cor",
KB0025804,Why is the END AGREEMENT button greyed out for the client?,L1,Customer Portal (MyRegus),,Unmapped,"Why is the END AGREEMENT button greyed out for the client? Application / Service Customer Portal Description Why is the END AGREEMENT button greyed out for the client? If the client wants to terminate their agreement, but still they are unable to click the button since the button is greyed out, please follow the steps below to check the conditions - Instructions 1. Go to Titan> Client Search and open the admin account 2. Go to Bookings tab, and check for latest agreements. If there are multiple agreements ask the center staff to provide the Booking reference of the agreement, client wants to terminate 3. Open the agreement by clicking on the &#34;eye&#34; button present beside Booking reference no. 4. Click on Inventory Sale button and check the status of the agreement. 5. If the agreement is already terminated on Titan, and reason is showing as &#34;Client chose to terminate&#34; - that means the client has already pressed the button once and agreement got terminated. That's the reason why END AGREEMENT button is now showing as greyed out. This is working as designed. NOTE- 1) Agreement cannot be terminated from Myregus staff mode, client will have to login and terminate by themse",
KB0020828,E-commerce way to create an agreement,L1,Titan,,Unmapped,"E-commerce way to create an agreement Application / Service Titan Description E-commerce way to create an agreement Instructions Problem: 2 same Bookings loaded. Customer bought a Virtual Office on eComm on 27th July which created account 12697751 with Booking - 122543910. And, on 2d August Staff did a Print OSA and loaded into system which created Account 12714698 with Booking - 122774715. When staff did the OSA , they treated that customer as new customer and sent a new OSA which is successful. System did not create duplicates. Advice: to follow booking creation /renewals either via OSA or by e-commerce. And staff needs to check such cases when the paths of booking creation are mixed.",
KB0029150,How to resolve INT-AR-013/Error code: 20-,L2,Dynamics F&O,,Unmapped,"How to resolve INT-AR-013/Error code: 20- Application/Service Dynamics F&O Description How to resolve INT-AR-013/Error code: Error Text: "" The transaction amount (Credit = 6,786,686.12, Debit = 8,936,905.98), do not balance for the voucher - CBBKRC000055893_DEU1."" Root Cause: Credit and debit amounts do not matched. Resolution steps for INT-AR-013/ Find the amounts that do not match, and raise ticket to FINAPP by providing the key value that has the transaction that do not match FINAPP will send the correct value/amount. When they're done correcting the amount s Skip the errors in Integration queues Coordination with Other Teams: Team: FIN APPS Points of Contact (POC): Vignesh/ Francois Action: Create a Jira Ticket",
KB0028486,Cannot pay invoice online / Something went wrong while paying balance,L2,Customer Portal (MyRegus),[Payments - Credit Card] Cannot pay invoice online / Something went wrong while paying balance,High,"Cannot pay invoice online / Something went wrong while paying balance Overview Customers occasionally encounter the error message ""Something went wrong while trying to pay invoice"" when attempting to pay invoices or balances online via the Customer Portal. This article outlines the potential causes, ongoing issues, and recommended actions to resolve or escalate this problem. Common Error Scenarios 1. Error on Payment Attempt When trying to pay an individual invoice or full balance, the customer sees a generic error message: ""Something went wrong"" This can occur across different payment providers (e.g., WorldPay, Ingenico Global Collect). 2. More Specific Messages from Global Collect Occasionally, Global Collect returns detailed errors (e.g., Communication Error, Card Expired, Not Authorized) instead of a generic one. These messages are surfaced based on the payment provider's response code. Root Causes 1. Stuck or In-Progress Transactions Invoices show as unpaid, but underlying payment attempts may be incomplete or marked as in-progress. This causes the payment flow to fail, even if the invoice appears open. Examples: [TTN-124241] Error- ""Some of the Transactions are completed or i",
KB0024558,TITAN | Required Information for Applications Team,L1,Titan,,Unmapped,TITAN | Required Information for Applications Team Application / Service TITAN Details The following details are required based on the type of issue or request in TITAN. ACCOUNTS & COMPANIES Company ID: Contact ID or email: Booking Reference (as applicable): Replication Steps: &bull; L1 Team Findings / Initial Troubleshooting: (this is required) Expected Result (this is required) BOOKINGS Company ID: Contact ID or email: Booking Reference: Replication Steps: &bull; L1 Team Findings / Initial Troubleshooting: (this is required) Expected Result in Titan: (this is required) CONTRACT API/AGREEMENTS Booking/PRT Reference: Agreement Link: Replication Steps: &bull; L1 Team Findings / Initial Troubleshooting: (this is required) Expected Result in Titan: (this is required) CUSTOMER COMMUNICATIONS Company ID: Contact ID or email: Booking Reference (as applicable): Replication Steps: &bull; L1 Team Findings / Initial Troubleshooting: (this is required) Expected Result in Titan: (this is required) EMAIL Company ID: Contact ID: Contact email: Type of email: Replication Steps: &bull; L1 Team Findings / Initial Troubleshooting: (this is required) Expected Result in Titan: (this is required) E-INV,
KB0032442,How to Move to another center on Team Hub,End User,Process Enquiry,,Unmapped,"How to Move to another center on Team Hub Please follow the steps below to Move to another center Preconditions: active and upcoming office bookings, campus and virtual offices that have an end date equal to today or in the future Purpose: to make request for move of booking to a different center User first needs to select the targeted center. On the next screen he can select product type: Long Term Office, Workstation, Virtual Office. User can enter office name. Start date is editable - minimal Start date of move is Start date of booking. Maximum Start date of move is one day before End date of booking. End date of move is not editable and is equal to End date of booking. User has an option to upload a necessary documentation for requested transfer.",
KB0021059,Retainer Balance Mismatch,L1,Customer Portal (MyRegus),[Retainers] Retainer issues,High,"Retainer Balance Mismatch ROR / Retainer balance mismatch If the center team / client states that their retainer (ROR) balance is different than the retainer on Titan - It needs to go to GSC. All we can do from our side is L1 confirms balance in CP matches balance in Titan (can be done by staff). If that is the case, we use GSC process to send it to GSC Link to GSC Team - Cash application - Service Portal (service-now.com)",
KB0026943,Savings and Partners content on Customer Portal,L1,Customer Portal (MyRegus),,Unmapped,"Savings and Partners content on Customer Portal Application / Service Savings and Partners content on Customer Portal BS-9764 Details We are introducing new page on Customer Portal called Business Savings. This page will be rolled out to US and Canada only. English is only supported language. Clicking on CTA buttons will lead customer to external pages, that are fully owned by 3 rd party. Left side URL: https://perksmarketplace.com/end_users/login/iwg Right side URL: https://iwg.varisource.com/login From support perspective, once customer opens 3 rd party page, if the page is not loading, only troubleshooting step is to verify above URLs are correct. If URLs are correct but page is not loading, please escalate ticket to Kim Kagahastian (Service Delivery Manager) For Service Delivery Managers only : reach out to business owner Jonny Hart. Below are screenshots of the new page: Additional Information",
KB0029479,Direct Sale Services are not visible on Customer Portal,L1,Customer Portal (MyRegus),,Unmapped,"Direct Sale Services are not visible on Customer Portal Problem: I cannot see a Service on Customer Portal. Solution: We will use Company ID - '11908651', as an example for this case. Please check on Titan UI under the 'Recurring Sales' section if the Service is under the 'Direct Sale' Category. Services under the Direct Sale category will not be visible to the customer on Customer Portal, by design. We can see that under the Services section in Customer Portal, we cannot see the Service found under the 'Direct Sale' on Titan UI. This is as designed and this is not an IT-issue. The customer should check with the Center Team to remove the Service by other means if necessary. Thank you.",
KB0037938,How to Fix Missing Verification Emails,Customer Support,Login,,Unmapped,"How to Fix Missing Verification Emails If you are not receiving the OTP (One-Time Password) verification e-mail when registering or logging into the Customer Portal it is possible that e-mail has ended up in the spam folder or has been blocked. Follow the general steps below to help solve that problem: Check the spam folder. Add the sender (e.g. DoNotReply@regus.com ) to your contacts Create a filter to always allow emails from e.g. DoNotReply@regus.com Whitelist the Domain (e.g. Regus.com) Note : The examples below are for regus.com . If the user is on a different brand please apply the following as required Spacesworks : donotreply@spacesworks.com HQ : donotreply@hq.com Basepoint : donotreply@basepoint.co.uk IWGPLC : donotreply@iwgplc.com Please find below some detailed steps for configuring the settings for the most popular email providers. For other e-mail providers, the same general instructions will still apply: g mail.com 1. Add the sender to your contacts Open one of the OTP emails. Hover over the sender's name or email address (e.g. DoNotReply@regus.com ). Click "" Add to Contacts "". 2. Create a filter to always allow emails from e.g. DoNotReply@regus.com Click the gear ico",
KB0025809,Why signage service is not visible in the Services tab on Customer Portal ?,L1,Customer Portal (MyRegus),,Unmapped,"Why signage service is not visible in the Services tab on Customer Portal ? Application / Service Customer Portal Details Why signage service is not visible in the Services tab on Customer Portal account? Signage is not shown to the customer in the services section of the Customer Portal. It is a recurring service in TeamHub and can be only added by centers. This is working as expected Additional Information Recurring services are visible only on Teamhub by the center teams, and not on Customer Portal.",
KB0014493,Process Library - Titan - MIM Processes,L1,Titan,,Unmapped,"Process Library - Titan - MIM Processes Application / Service Titan Details Everybody should use their UPN/password to log in to Titan Home Centre/Default Centre/Centre Access List Info --> Titan home centre/default centre/centre access list info will initially come from PS HR user's centre information for new users. Any next updates made into the home centre/default centre after the initial user setup will no longer be changed (Won't sync with MIM moving forward to address some business scenarios/limitations identified) Titan Roles --> For new accounts, MIM refers to standard PS HR role - Titan role matrix . Any next updates made into the Titan role after the initial user setup will no longer be changed (Won't sync with MIM moving forward) Note: Any Titan role changes/updates that will affect current mapping need to be coordinated with Ted Choueiri/Manuel Conti prior implementation to ensure that the standard role changes template with MIM are also updated accordingly moving forward Duplicate/Additional Accounts --> NO duplicate accounts are allowed by the system moving forward. Titan role shall be updated accordingly to meet the requirement using a sin g le lo g on as standard No",
KB0020866,"Getting ""Customer don't have Payment card on file"" on Team Hub",L1,Team Hub,,Unmapped,"Getting ""Customer don't have Payment card on file"" on Team Hub When clicking on Day pass fee 5,000JPY, The error message shows 'Customer don't have Payment card on file' Root Cause : Payment cards added for this company and contact are expired Solution : User should go to Customer Portal → Account → Billing and Payments → Payment Methods and add a new valid credit card. Payment Card should also be loaded in Titan",
KB0020895,Nayax Troubleshooting,L1,Customer Portal (MyRegus),,Unmapped,"Nayax Troubleshooting 1.1 Card & Provisioning Status The following table shows the different scenarios related to cards, the actions that trigger Titan, the card status associated and the Nayax and Salto status: Scenario Description Titan action Card status Nayax status Salto status Printers New card / fob Card / fob not used, not activated - New Disabled Disabled Disabled Active card / fob Customer activates card / fob in Customer Portal - Active Enabled Enabled Enabled Account blocked Customer account is blocked Block IWG Cards / fobs (all company contacts) Blocked Disabled Enabled Disabled Payment card expires / deleted Company not on monthly payment terms, mandatory to have an active payment method on their account Block IWG Cards / fobs (all company contacts) Blocked Disabled Enabled Disabled Account suspended Customer account is suspended Block IWG Cards / fobs (all company contacts) Suspended Disabled Disabled Disabled Account unblocked Customer account is unblocked Unblock IWG Cards / fobs (all company contacts) Active Enabled Enabled Enabled New payment method added Company not on monthly payment terms, mandatory to have an active payment method on their account Unblock IW",
KB0029208,Booking and Purchase Journey Improvement – Search and Centre Details,Customer Support,Booking,,Unmapped,"Booking and Purchase Journey Improvement – Search and Centre Details Description - As a user, I want the home page search bar to adapt based on workspace type So that I can only search when all required criteria are correctly provided Story Persona - Logged in admin or non admin or staff member o behalf of the user Acceptance criteria - Background - Given the user is on the home page And the search bar is visible at the top of the page AC1: Default state of the home page search bar - Given the user opens the home page Then the search bar shall display: A Location field ( with placeholder text saying ""Search Locations"" ) A Workspace field set to ""Any workspace"" by default And no other fields are shown by default And search shall behave as current search bar (on homepage) results (search results without availability or pricing checks) AC2: Searching without selecting a location - Given the search bar is in its default state And the user has not selected a location When the user clicks the Search button Then an error message shall be displayed And the error message shall indicate that location selection is required saying ""Please enter a location"". AC3: Changing workspace type to Meet",
KB0020717,Clients receive suspencion notification/warning e-mails,L1,Titan,,Unmapped,Clients receive suspencion notification/warning e-mails Application / Service Titan Details Titan does not manage these mails. They come from MS/ERO57/MIA (whatever they are called these days). Finance send open invoice feed to Titan which Titan forwards to MS/ERO57/MIA. Should be passed either to Finance or Graham Thompson (MS/ERO57/MIA),
KB0020826,Change e-mail address for card transaction confirmation emails,L1,Titan,,Unmapped,"Change e-mail address for card transaction confirmation emails Application / Service Titan Description Change e-mail address for card transaction confirmation emails Instructions Resolution : the only possible way is to re-register the card, meaning removing it and registering again with new e-mail address.",
KB0029027,How to Register for the Customer Portal,Customer Support,Login,,Unmapped,"How to Register for the Customer Portal Who This Is For First-time users Users who have never logged in before in Customer Portal Step 1: Start Registration Go to the Customer Portal Register Page : Register Here Click Register Enter your registered email address Step 2: Verify Your Email Check your inbox for an email with the subject: ""Verify Your Identity"" If you don't see it: Check your Spam / Junk folder Please see more details on how to fix missing verification emails : Click Step 3: Additional security settings During registration you can setup a passkey. This will offer better security and a faster login experience. Users can skip the passkey registration and later add it in My Profile > Security Preferences. During registration, they will be asked for their mobile number but they will not be verified. Customer can also use the Authenticator as a method to login after registration. Step 4: Complete Registration Add required personal details Agree to the Terms & Conditions ✅ Registration complete You are now Logged in to your account!",
KB0029029,Not Receiving Your Login Code,Customer Support,Login,,Unmapped,"Not Receiving Your Login Code What This Means Your login is working, but the verification code has not arrived yet. Try These Steps First Wait 1 minute Click Resend Code Check your Spam / Junk folder Make sure you are using your registered email address Important to Know For security reasons: IT cannot change your email address or phone number, if you need to change your sign-in details please follow the following Email : Please follow this KB article to check on how to request on changing the email : How to change your email address Alternatively, you can login using social providers like Google, Apple or Microsoft. If you had setup a passkey during registration, you can also use it for a seamless login experience",
KB0030474,How do I login to Titan,End User,Login,,Unmapped,How do I login to Titan Titan is our billing application which is used by select Titan-enabled users or roles. 1. Go to https://titan.regus.com 2. Sign in using your Microsoft account username and password.,
KB0029028,How to Log In to the Customer Portal,Customer Support,Login,,Unmapped,"How to Log In to the Customer Portal Who This Is For Returning users who already have an account and would like to login in Customer Portal Steps to Log In via email Go to the Customer Portal C lick Login Enter your registered email address Enter the verification code sent to you via email Steps to Log In via Passkey Go to Customer Portal Click Login If you have a passkey setup, you will be prompted to use it Accept and verify that the passkey is valid Steps to Log In via social provider Go to Customer Portal Click Login Select your social provider of choice (Google, Apple and Microsoft are supported) Follow your normal login steps",
KB0020744,GSTIN has been removed from Invoice,L1,Titan,,Unmapped,GSTIN has been removed from Invoice Application / Service Titan Details The new version (5th) of company was created on 5th April 2021 in Titan and they deleted the Tax number and hence the invoices since April month end are not picking the tax number. 4th version : 5th version:,
KB0020811,Remove Charges – Activation Fee,L1,Titan,,Unmapped,Remove Charges – Activation Fee Please find the steps to troubleshoot this issue below : Issue description : Invoices raised by Activation fee cannot be credited or removed by Dev team. Customer has to contact Titan admins to create the credit. L1 must confirm that the charge is not recurrent If the charge only appears once and the customer wants to remove the charge then L1 must redirected the user to contact Titan Admins (GSC Team) via GSC.TitanSupport&#64;regus.com Ask Titan admins to create a credit note based on the charge amount,
KB0021921,Unable to access new renewal link to request renewal in Team Hub,L1,Team Hub,,Unmapped,Unable to access new renewal link to request renewal in Team Hub Application / Service Team Hub Issue Symptoms / Errors https://regusgroupservices-my.sharepoint.com/:p:/g/personal/jon_eldridge_regus_com/EcOsPS2s5FlBhLAgrE5xC4EBkUDaMqPtRV3mNqGZqGTrSQ?e=bQuULK&wdOrigin=TEAMS-ELECTRON.p2p.bim&wdExp=TEAMS-CONTROL&wdhostclicktime=1692969197926&web=1 Issue: Cause For users to have link visible they need to have at least one tier hidden Resolution For users to have link visible they need to have at least one tier hidden. In this case Center is not configured List of all configured centers: Department Id&emsp;&emsp;&emsp; Location Number Level1 Level2 Level3 D0130&emsp;&emsp; 3 1 1 0 D0130&emsp;&emsp; 109 1 1 0 D0130&emsp;&emsp; 122 1 1 0 D0130&emsp;&emsp; 128 1 1 0 D0130&emsp;&emsp; 157 1 1 0 D0130&emsp;&emsp; 297 1 1 0 D0130&emsp;&emsp; 298 1 1 0 D0130&emsp;&emsp; 355 1 1 0 D0130&emsp;&emsp; 381 1 1 0 D0130&emsp;&emsp; 680 1 1 0 D0130&emsp;&emsp; 684 1 1 0 D0130&emsp;&emsp; 849 1 1 0 D0130&emsp;&emsp; 1300 1 1 0 D0130&emsp;&emsp; 1420 1 1 0 D0130&emsp;&emsp; 1430 1 1 0 D0130&emsp;&emsp; 1609 1 1 0 D0130&emsp;&emsp; 1612 1 1 0 D0130&emsp;&emsp; 1619 1 1 0 D0130&emsp;&emsp; 1934 1 1 0 D013,
KB0021153,"User is unable to opt ""Not VAT Registered""",L1,Titan,,Unmapped,"User is unable to opt ""Not VAT Registered"" Application / Service Titan Details Resolution: There is an option in Business Rules Titan UI that allows you to show the checkbox being mandatory. This setting can be changed.",
KB0028837,How to resolve INT-AR-012/Error code: 996-,L2,Dynamics F&O,,Unmapped,How to resolve INT-AR-012/Error code: 996-,
KB0020813,Multiple contacts with the same Full Name,L1,Titan,,Unmapped,"Multiple contacts with the same Full Name Issue description : Cannot change meeting room because there are 2 contacts with the same Full Name. With the following steps you can verify if the contacts have the same full name if so, Titan Admin needs to amend this. Go to Titan UI Clients Enter Company Reference Click on View Click on List Contacts Click on Edit button to change the contact’s name After the change is made click on Correct button If you don’t have permission to make this change, please contact Titan admin (GSC Team)",
KB0037162,How to Change an Office Product to a Virtual Office Product Upon Renewal,Customer Support,Agreement,,Unmapped,"How to Change an Office Product to a Virtual Office Product Upon Renewal Summary This guide explains how to request a product change from an Office to a Virtual Office (VO) product at the time of renewal. Purpose To help centre teams perform a product switch from an Office to a VO product during renewal, using the correct Teamhub path and escalation process if needed. 1. Self-Help First Confirm the customer's renewal eligibility and approval. Ensure the change aligns with the agreed renewal terms. Verify the availability and suitability of the desired VO product. Consult the IWG Academy Agreement Process Guide for full instructions. 2. IWG Academy Links Agreement Process Guide - IWG Academy GSC Escalation Process - IWG Academy 3. How to Raise a Request Teamhub Option: Navigate to: Teamhub > Company > Amend Agreement > Change Product Note: If the request is delayed or unprocessed, follow the escalation process via the IWG Academy. 4. What You Can Request Office to Virtual Office product change upon renewal 5. After You Submit The GSC team will handle the request. If more details are required, they will contact you directly. Avoid raising duplicate requests.",
KB0024024,Inventory Calendar showing one office under multiple filters in Team Hub,L1,Team Hub,,Unmapped,"Inventory Calendar showing one office under multiple filters in Team Hub Application / Service Team Hub Details Users are having issues with Long Term Office showing while Day Office filter is on. Example: Office 01-066 is showing under both, Long Term Office and Day Office filter: it's necessary to check configuration on Titan to make sure this is not a bug but rather a configuration issue: On Titan UI selected the following path: Admin > Inventory Admin On the left side select the Centre in question and select the inventory that user has issues with and confirm it's configuration: \ As the screenshot above shows, this inventory is configured as LTO (Long Term Office) and DO (Day Office) and in this case TeamHub is working as designed. Reason : Configuration on Titan.",
KB0023182,Unable to remove a card in titan due to error message,L2,Titan,,Unmapped,"Unable to remove a card in titan due to error message Application / Service Titan Details The system just said that the card is used as a default payment method. They need to set another payment method, and then to retry removing a card.",
KB0029031,Why Is My Account Inactive?,Customer Support,Login,,Unmapped,"Why Is My Account Inactive? What ""Inactive"" Means Your account is currently inactive and cannot be used to log in. Common Reasons Contract has ended Account details have changed Account inactivity What to Do Before raising a ticket, please ensure that you have an approval from the owner of the account to activate the account which is taken care of Community Team Members Approval can be email or screenshot Once provided, IT team will activate the account to regain access back on the account.",
KB0032793,How to change customer's name on Membership accounts on Customer Portal,Customer Support,Membership & Business Lounge,,Unmapped,"How to change customer's name on Membership accounts on Customer Portal Membership Terms & Conditions 1. What is the minimum Membership length? ► A customer can sign up for a rolling monthly agreement, which allows them to cancel their agreement at any time with 30 days' written notice from the 1st day of the month. We also offer longer 12 month and 24 month terms. 2. In which currency should memberships be sold? ► Membership cards are always invoiced in the currency for the center in which the booking was created. For example: If a customer based in Hong Kong buys a Co-Working 5-day Membership for use in Germany, they should be invoiced in Euro, and not in HK$. Please have this rule in mind when filling out your Membership agreements. 3. If Co-Working and Office memberships start mid-month, how are the free days calculated and how will they be billed? ► The system calculates the customer's entitlement on a pro-rated basis, dependent on the number of days on the month, and will round up the allowance to the nearest full day. Similarly, a customer will be billed from the date the membership starts and will be billed for any months on a pro-rata basis. 4. What is the notice period fo",
KB0037191,How can customers update their accounts,Customer Support,Accounts & Companies,,Unmapped,"How can customers update their accounts Summary : This article guides users for queries on customer account updates such as: Service opt out (e.g. Unlimited Coffee) Standard Termination Split invoicing Invoice Frequency Payment Method set up Direct Debit (DD) or Credit Card (CC) Purpose : This article provides the correct path for opening a ticket for Unlimited Coffee service opt out, standard termination, split invoicing, invoice frequency update and payment method setup for credit card or direct debit. Instructions : Centre team to follow the guide how to handle customer queries via IWG Academy Link .",
KB0024656,How to grant D365 AP SharePoint Access (Invoice Documents),L2,Dynamics F&O,,Unmapped,"How to grant D365 AP SharePoint Access (Invoice Documents) Application / Service Dynamics F&O Description This article provides guidance for granting access to the D365 AP SharePoint (Invoice Documents) site. Following the RBAC implementation, access provisioning is performed by the L3 DFO team. Instructions 1. Open the SharePoint link: https://regusgroupservices.sharepoint.com/sites/D365FO . 2. On the SharePoint location, click Settings or the gear icon on the upper right corner of the page (beside your name) . It will display the options for the Settings section . 3. Select Site permissions. It will display the Permissions section . 4. On the Permissions section, click Advanced permissions settings . It will redirect the page to Permissions tab. 5 . On the Permissions tab, click the APInvoices Edit Group . It will redirect to another page - People and Groups > APInvoices Edit Group . 6. On the People and Groups page, click New > Add Users . A pop-up dialog box will appear. 7. In the Invite people option, enter the [names] or [email addresses]. Tick the Send an email invitation , then press the Share button. Additional Information When users are added, they can view AP Invoice doc",
KB0037808,IWG Card not recognized by Nayax reader,Customer Support,IWG Card,,Unmapped,"IWG Card not recognized by Nayax reader If the Nayax device does not recognize the IWG Card used by the customer, Community Team must ensure that the customer's card has been activated in the customer's online account using staff mode. If not, ask the customer to activate it. If despite having activated the card in their online account the issue is still occurring, Community Teams will need to raise an IT ticket. The steps to raise the ticket are the following: Access ""Help"" section on TeamHub and look for IWGenie (Virtual Agent) on the bottom right corner: Type the issue you are having: ""Card not recognized by Nayax reader"" and press enter. Review the articles provided by IWGenie to ensure you completed the troubleshooting steps. If still unable to resolve, then proceed to speak to a live agent or open an IT case, selecting ""IWG Card Issue"" Fill the ticket with the following information: Select if the inquiry is related to Centre, a customer or somebody else. Then Select/Search the Centre and Company Select the impact: Single User or Multiple Users What type of issue do you have? select ""Coffee machine is not working for a customer"" Issue options: select one of the below options.",
KB0029032,Change Login Verification Method,Customer Support,Login,,Unmapped,"Change Login Verification Method Change Login Verification Method In the new login experience available since July 2026 users no longer need to select one verification method as their default. In the new login experience, users can login with email or social providers (Google, Apple and Microsoft) or passkey (if setup) interchangeably without any action needed. If a user hasn't setup a passkey during registration or after switching to the new login experience, a passkey can be added by going to ""Your Profile > Security Preferences",
KB0020784,Error occurred when trying to increase prices for existing recurring parking in Team Hub,L1,Team Hub,,Unmapped,Error occurred when trying to increase prices for existing recurring parking in Team Hub It is not possible to edit parking and can only terminate that and create a new one or wait for the current one ended then change the price,
KB0027511,Guidelines for Changing a Primary Email Address | Legitimate Reasons & Procedures,Customer Support,Accounts & Companies,,Unmapped,"Guidelines for Changing a Primary Email Address | Legitimate Reasons & Procedures Guidelines for changing the primary email address Changing the login email is a sensitive process that can render an account inaccessible and can only be done for a very specific set of reasons. Such a change should be raised as a service request rather than an incident. Note - Before proceeding with an email change request, community teams must be aware of any possible accounts that are linked. It is essential to understand that changing the email of the customer will not unlink the accounts that are already linked, and this is not an IT issue. This means that any existing connections or associations with other accounts will remain intact. For more information on how to handle such cases, please refer to the KB article on linking an account to an existing company . ❗Most email change requests can be solved by the user or by staff on behalf of the user without IT intervention . This should be the first action taken and only then a service request should be raised. ❗ An approval email from the client (a screenshot of the email content is acceptable) authorizing the change of email address must be attac",
KB0025765,Call Answering settings being shown on Customer Portals,Customer Support,Products & Services,,Unmapped,"Call Answering settings being shown on Customer Portals Call Answering settings being shown on Customer Portals Call Answering is a recurring telephony service available for our customers to purchase at a fixed price per month. The service includes having a person answer phone calls on your behalf and read from a pre-determined script and take some simple next steps. There are three types of Call Answering services that IWG provides: &middot; Standard Call Answering &middot; Premium Call Answering &middot; VO Premium Call Answering These three call answering services are only available for our Office and Virtual office customers. For Office customers, the Standard or Premium call answering service is added to the customer account. For Virtual Office customers, the Standard call answering service is included in their virtual office package and is automatically added to the customer account when the virtual office product is purchased. If these customers want to upgrade to Premium call answering, then the VO Premium Call Answering service is added to their account. The enablement of call answering self-service functionality provides the ability for 1. Automated provisioning of the ca",
KB0037198,How do I request to allocate a payment via Teamhub,Customer Support,Payments,,Unmapped,How do I request to allocate a payment via Teamhub Summary : This article guides users on how to request payment allocation for the following: Reallocation of payment from one account to another. Reallocation from one invoice to another. Allocation of credit note to the correct invoice. Allocation of withholding tax. Allocation of FX difference based on an agreed rate or benchmark rate on a particular country. Purpose : This article provides the correct path to request a payment allocation via Teamhub. Instructions : Go to Teamhub > Company > Log a Task > Select Payment re-allocation Provide valid proof of payment or document to support the allocation. Follow steps under https://iwg.learn.link/content/5f9048a6ad634100100c9e72 on how to escalate the task to GSC Support team.,
KB0038103,Agreement not visible under Workplace and Services on Myregus,Customer Support,Agreement,,Unmapped,"Agreement not visible under Workplace and Services on Myregus If the agreement is not visible under Workplace and Services on Myregus, p lease check the type of agreement of the account. We are showing following agreements on Myregus: 1) Long Term Office 2) Workstation 3) Virtual Office 4) Parking If the agreement is for a membership customer, then the client will have to view it, on the ""Membership"" page under Products & Services.",
KB0035454,Unable to add payment details when trying to add a credit card,Customer Support,Payments,,Unmapped,"Unable to add payment details when trying to add a credit card Application Customer Portal Issue Symptoms When a user is trying to add a credit card, the page to add the credit card is blank which makes it unable to add the card of the customer. Example pictures below : Resolution How to troubleshoot and diagnose the issue? Ask the client to perform a cleaning of the cache and cookies of their browser Restart the browser and try again, if it doesn't work Ask a different browser to try. If all steps do not work. Please raise a ticket under Teamhub > Help > Customer Operations > Client Management > CNP Setup Query This needs to go to the team of GSC Finance AR team to investigate the issue with the payment provider",
KB0029403,Dynamics F&O | How to Resolve INT-AR-009/Error code: 2-21-,L2,Dynamics F&O,,Unmapped,Dynamics F&O | How to Resolve INT-AR-009/Error code: 2-21-,
KB0025645,WKP not showing for users,L1,Team Hub,,Unmapped,"WKP not showing for users Application / Service TeamHub Issue Symptoms / Error WKP not showing for users Resolution If a user is unable to see WKP in TeamHub please ask them to generate a new one by following the flow: Personal > WorldKey PIN > Request a new PIN If the WKP doesn't show after requesting a new one the following steps need to be checked before raising an MST: 1. Login to Titan 2. Navigate to Admin > User & Roles 3. Type in the users email on the left side to get Employee ID: 4. After we get employee ID we need the last 6 digits (that is the internalID of that user): 5. Search for the contact in Titan by adding &#64;regusignore.com to the internal user ID, for example 364054&#64;regusignore.com 6. Results will have companies with the name &#34;Internal recharge company&#34; and the Contact name will be &#34;Blank Blank&#34; as on the screenshot: 7. All companies and contacts we get in the results need to be checked for 2 things. a) Company needs to be checked if it's suspended/blocked/inactive or not b) Contact needs to be checked if it's active or not If a company is inactive/blocked/suspended, users will not be able to see WKP and that is per design. Guide the user t",
KB0029030,Signed In but Don't See My Account,Customer Support,Login,,Unmapped,"Signed In but Don't See My Account What's Happening You have successfully signed in, but your account is not linked yet. What This Means Your login worked correctly but the account is not linked yet. What You Need to Do Contact your: Company admin Account owner Ask them to add or link your access : You can follow this link for more guidance: How to Link an account to an existing company IT cannot add access to customer accounts.",
KB0026136,Users unable to remove service on Customer Portals,L1,Customer Portal (MyRegus),[XC (Product and Services)] Unable to remove service from Portal,Medium,"Users unable to remove service on Customer Portals Application / Service Customer Portals Issue Symptoms / Error Users unable to remove service on CP Resolution For issues where users remove the service on CP but the service comes back after some time or isn't removed at all it is mandatory to check the following: 1. Check on CP if the service is still present under Account > Product and services (*it should not be present if user removed it*) 2. Check on Titan if the service is still present on the account under Immediate Invoice (*it should not be present if user removed it*) 3. Check if GSC task has been raised for the removal (*if the task is raised, it's as expected and they will need to wait for resolution*) NOTE: When the service is removed, End Date of the service is changed to the last day in the month and after that it will no longer be active. This can confuse customers to think it is not/weill not be removed but this is per design as they will be charged for the service until end of month anyway. Additional Information",
KB0032445,How to request an early termination on Team Hub,End User,Process Enquiry,,Unmapped,"How to request an early termination on Team Hub Details Please follow the steps given below to Request to early terminate Preconditions: active booking with uploaded pricing, it can be terminated, or renewed Purpose: to make request for termination of the booking As of recently, journey to make a termination request has been moved to Company > Log a Task > Termination in grace period and/or Centre initiated termination All of these requests made (Move to another center, Change product, Upgrade/downgrade product, Early termination) will result with creation of CRM ticket. Resolving the CRM ticket the process will be completed. You will be able to follow the status of the ticket in View all tickets in Company section and he will be able to view the ticket.",
KB0028492,Customer has been charged while booking,L2,Customer Portal (MyRegus),[Bookings (Products) - Short Stay] Customer has been charged while booking,Medium,"Customer has been charged while booking Summary: This guide outlines the most common root causes and resolution steps for cases where a customer is unexpectedly charged during or after a booking. It also provides step-by-step instructions to investigate each scenario using Titan, Application Insight, and Team Hub. 📌 Overview of Common Scenarios There are four primary root causes for unexpected charges: 1. No Valid Membership Assigned to Contact 2. Valid Membership Assigned but Contact still got Charged 3. Free Booking Shown in confirmation email, but Later Invoiced 4. Room Changed on Team Hub Without Overriding Price How to Investigate in Titan & Application Insight Related Knowledge Base Articles 1. ❌ No Valid Membership Assigned Symptoms: * Customer is charged during booking. * Customer logs in using a valid email but has no linked membership on Titan. Resolution: * Check the customer's contact in Titan for valid membership. Example where customer does have a valid Office membership * If absent, confirm if a membership assignment is pending (e.g., GSC workflow). 2. ✅ Valid Membership but Charged Symptoms: * Booking appears as charged despite valid, active membership. * Titan show",
KB0028826,How to resolve INT-AR-001/Error code: (Blank),L2,Dynamics F&O,,Unmapped,How to resolve INT-AR-001/Error code: (Blank),
KB0029397,Unable to View or Select Specific Meeting Rooms - Office and Membership Customers,Centre Support,Central Applications,,Unmapped,"Unable to View or Select Specific Meeting Rooms - Office and Membership Customers KB - Unable to View or Select Specific Meeting Rooms - Office and Membership Customers Issue A caller reports that membership users cannot view or select specific meeting rooms at a centre, while other users can see other meeting rooms. The caller assumes this is a defect because different users are presented with different booking experiences. Cause The meeting room booking experience depends on the customer's default centre configuration. Customers whose default centre matches the centre where the booking is being made may be presented with a different booking flow, allowing visibility of individual meeting rooms and community meeting rooms. Customers whose default centre is different from the selected booking centre follow the standard membership booking flow, which only displays meeting rooms available for the selected date and time and may not expose individual room names. This is expected system behavior and does not indicate a defect. Validation Steps 1. Identify the affected Company ID. 2. Verify the customer's Default Centre. 3. Compare the Default Centre against the centre where the booking",
KB0028485,"IAM Sync (OTP, SMS, Account disabled, STAFF, Account inactive)",L2,Customer Portal (MyRegus),,Unmapped,"IAM Sync (OTP, SMS, Account disabled, STAFF, Account inactive) Ticket Types & Handling Procedures Client Not Receiving Verification Code (Email) Steps to handle: Review ticket description: Ensure company ID and email are present. Check contact's security preferences in CP; confirm email matches. Use SendGrid to confirm if email was sent/delivered (limit: last 30 days). If still unresolved, create an IAM (IM) ticket in SNOW: Navigate to Related Records &rarr; Instant Tasks &rarr; New. Set Service Offering: IAM. Attach screenshots for context clarity Make sure IAM ticket is assigned to Nikola Mrkalj Attach Security preferences page screenshot, error message, and SendGrid screenshots if available. Client Receives ""Something Went Wrong"" or Account Disabled Error Steps to handle: Check the status of the contact in CP. If Inactive, ask the staff member for reactivation approval (preferably via Teams). Create an IAM ticket with: Security preference screenshot showing inactive status. Screenshot of the staff's approval message. Once reactivated, monitor for successful login. Client Not Receiving Verification Code (Phone Number) Steps to handle: Confirm phone number in security preferences.",
KB0033164,When a customer purchases a VO online do they get an OSA?,End User,Process Enquiry,,Unmapped,"When a customer purchases a VO online do they get an OSA? Details No, customers will receive a confirmation. An OSA is only generated if the booking comes from Sales Hub, and not eCommerce Reference: https://iwg.learn.link/content/5f904891ee985a00106a3a27?pathwayJourney=5f9147efee985a00106a40bf Additional Information Reference: https://iwg.learn.link/content/5f904891ee985a00106a3a27?pathwayJourney=5f9147efee985a00106a40bf",
KB0035642,Randomized MAC address error,Customer Support,Device Registration,,Unmapped,"Randomized MAC address error Details If the client or center team is getting this error (screenshot below) while adding the MAC address in Myregus account, that is because Customer portal web and mobile app do not support randomized MAC address. Randomized MAC address masks the identity of the device by creating a different randomized address for each Wi-Fi network (SSID) that a device joins. That address is used only when accessing that particular network, which means it cannot be used to track activity across others. Rather than using your hardware-coded MAC address, your system is recognized through use of the randomized one. As a result, users cannot be tracked from one Wi-Fi network to another. MAC Address Randomization is also used to mask device identity when using location-based services, such as Maps, when making peer-to-peer Wi-Fi connections such as with Airdrop or Airplay, or when using Personal Hotspot or Internet Sharing. This is working as designed. Please advise the customer to check their device for the original MAC address and enter that in Myregus portal. Please note that - In some devices, the MAC address will be given at the back of the device, and for android/",
KB0028502,Contact already granted admin rights but still getting No Access error in CP,L2,Customer Portal (MyRegus),[Accounts and Companies] Contact already granted admin rights but still getting No Access error in CP,High,"Contact already granted admin rights but still getting No Access error in CP Summary This article addresses scenarios where a customer contact has been granted admin rights in the Control Panel (CP) but still receives a ""No Access"" error. This is commonly related to data sync, account activation, or company duplication issues. This guide outlines root causes, troubleshooting steps, and resolution strategies based on case examples. Common Symptoms Contact is granted admin rights but cannot: Access invoices View memberships Access company-related information Make bookings Error messages: ""No Access"" ""Company is suspended"" Root Causes & Case Examples 1. Simple Access Rights Issue Issue: Contact logs in but cannot view invoices or memberships. Resolution: Perform a mock update of the company to trigger synchronization. Ask the customer to log in again - usually resolves the issue. 2. Suspended or Blocked Company (Duplicate Conflict) Issue: Booking access blocked; system shows company as suspended, but it is active in Titan. Root Cause: A duplicate company record exists that is suspended. Main company inherits suspension due to link with the duplicate. Resolution: Run a query using the",
KB0020902,Contact already granted admin rights but still getting No Access error in customer portal,L1,Customer Portal (MyRegus),[Accounts and Companies] Contact already granted admin rights but still getting No Access error in CP,High,"Contact already granted admin rights but still getting No Access error in customer portal If the Contact is already granted admin rights, but still they are getting No Access error in customer portal, then we need to check the following - ERROR SCREENSHOT - First thing to check once you received this type of issues is to find is that user really admin . It can be done easily thru staff mode (just search for it via email address and look Account Admin column). Second thing, if you see that he is indeed admin user but still getting NO ACCESS for e.g. Seeing invoices, payment cards etc., then you should do the following: 1. Mock update on that contact/company on titan to sync all changes thru the systems . You can sync data thru system by editing Company's info + Contact's info once you open them in TitanUI or you can hit Sync button (3-4 times) for company and contact too. 2. Ask the client to log out from all devices and browsers and log in again to eliminate failed session as cause of this problem 3. Also, they can log in incognito mode to avoid all device's or browser's cache. So, if the issue persists, then to provide us following screenshots: a) Update email and password page b)",
KB0029335,Unable to use Printer,Centre Support,Printer,,Unmapped,"Unable to use Printer In case that user reports they are unable to use Print Anywhere feature please check if the user is actually registered on Customer Portal. If the user is not registered/active on CP, they will not be able to use Printer portal and therefore they are unable to use printing services.",
KB0021176,Wrong Renewal Price in the courtesy email,L1,Service Desk SOP,,Unmapped,"Wrong Renewal Price in the courtesy email Issue : The correct price has been uploaded by the Pricing Team and it is showing is TeamHub but the renewal price sent via courtesy email is wrong. Possible Root Cause: The ""Apply VO renewal Increases"" flag in Titan could be un-checked which means it will be renewed with its current price. Solution : Please make sure "" Apply VO renewal Increases "" flag is checked in Titan configuration. If the issue still persist please log a case via IWGenie",
KB0032448,How to access to OPS center company types on Team Hub,End User,Process Enquiry,,Unmapped,"How to access to OPS center company types on Team Hub Overview OPS centre company types (such as meeting room and enterprise) can only be accessed via Global Search in TeamHub. OPS centres are not available in the Centre section by design. --- Requirements To access companies created in an OPS centre, your account must have the relevant OPS centre assigned to it. Without this assignment, OPS centre companies will not appear in Global Search results. --- How to Search for OPS Centre Companies Step 1 - Use Global Search Open TeamHub and use the Global Search feature to look up OPS centre companies. You can search using the following criteria: - Company name - Contact name (First and Last name) - Membership card number Note: OPS centre accounts cannot be searched by Account Number. Use the Membership Card number instead. Step 2 - Locate the Membership Card Number If you need the Membership Card number, you can find it under the Account tab in the MyRegus portal. Step 3 - Search via Check-In Lounge You can also locate a company through the Check-In Lounge feature, using the same search criteria listed in Step 1. --- After completing the steps above, you should be able to locate the OPS",
KB0025525,This team member has unbilled charges error on Customer Portal,L1,Customer Portal (MyRegus),,Unmapped,"This team member has unbilled charges error on Customer Portal Application / Service Customer Portal Details If the client is getting an error message ""This team member has unbilled charges"", while they try to remove any contact. Kindly check these 2 conditions in Titan - 1) If the client has any pending balance in their account. 2) If any active booking is made on that contact name If any of these conditions are matching, then it is working as designed. The client should first pay their due balance so that they can be removed from the company. Or they will have to reach out to Booking Correction Team to change the contact of their Booking. Additional Information Booking Correction or Update KB article-KB0037164",
KB0029341,Unable to delete one-off services on Teamhub,L1,Team Hub,,Unmapped,Unable to delete one-off services on Teamhub One-off services can only be deleted within the same day of adding. These one-off services cannot be removed afterwards.,
KB0032428,Unable to find a company and check it in in the business lounge on Team Hub,End User,Process Enquiry,,Unmapped,"Unable to find a company and check it in in the business lounge on Team Hub Please follow the below given instructions to check the issue when Not able to find a company and check it in in the business lounge Correct steps to find a company and check it into business lounge: Go to Center section Select the Centre clicking here: Select the centre Once selected click in ""Receive a visitor"" Click in ""Lounge"" Click in ""+Add"" under the page: Type the name of the company in the search bar and select it. Please use the Global Search to find a membership",
KB0020209,Community Meeting Room is not showing up  on Customer Portal,L1,Customer Portal (MyRegus),,Unmapped,"Community Meeting Room is not showing up on Customer Portal Application / Service Customer Portal Description If the option of Community Meeting Room is not showing up on the client's account on Customer Portal application then please follow these steps to check if the center has an option for CMR by following these steps Instructions First thing to check is if the account has an active Long Term Office in the Centre they are trying to make CMR. If not, CMR button will not be visible. 1) Ensure that the customer Office Type is not Membership, Validate it on Titan 2) Ensure that Meeting room inventory is a Community Meeting Room and ""Can Book on Website"" is selected. If not, ask user to contact Global.Inventory@regus.com 3) If settings are ok in Titan and Office check inventory availability on Centre Calendar: CMR can be booking only for todays date and not in the future . Note: Before the steps above t he following should be done if the customer claims that CMR tile is not showed on the Customer Portal: Navigate to Customer Portal - Production environment Login in Staff mode Search for provided Company/Account ID Open the Company/Contact with the issue Verify if the CMR tile is sho",
KB0038540,Centre not shown in mobile app but shown on browser version,L1,Customer Portal (MyRegus),,Unmapped,"Centre not shown in mobile app but shown on browser version Application / Service Customer Portal Details Customer reports that Centre is visible on Browser but they cannot see it on MyRegus mobile app. Check Centre admin on Titan UI, ""Can book on website"" has to be flagged in order for the Centre to be visible on the app. In case it is not, it will not be possible to find the Centre in the app. The reason why it shows on the website is that staff can see these Centres even if they are not web-bookable. There is no staff mode on the app. Additional Information",
KB0027872,Short Stay bookings show price of 0.01 even if the visit should be free,L1,Team Hub,,Unmapped,"Short Stay bookings show price of 0.01 even if the visit should be free Application / Service TeamHub Details In cases where users claim that the price of the booking is 1 or 0.01 like in the case below: This is working as designed. Lounge day pass amount cannot be set as 0. Minimum price is 0.01 or in places that do not use decimal pricing 1. If there is a message ""This is a free visit"" the visit will be free of charge. This can be confirmed by Total Price field as well since the price there will be 0. Additional Information",
KB0028943,How to resolve INT-AR-033/Error code: 6-,L2,Dynamics F&O,,Unmapped,How to resolve INT-AR-033/Error code: 6-,
KB0029237,Centre Team Guide: Handling Customer Portal Queries with Aurora,Customer Support,Central Applications,,Unmapped,"Centre Team Guide: Handling Customer Portal Queries with Aurora Business Rule All Customer Portal enquiries must go through Aurora Chat Assist first. Centre teams only assist directly where this guide explicitly permits it. Purpose This guide helps Centre Teams decide: When to direct customers to Aurora When Centre Teams can provide direct support When to raise an IT Application case Benefits: faster resolution, correct routing, fewer duplicate tickets, consistent handling. Mandatory Rules Aurora is the first point of support for all Customer Portal enquiries. Customers must submit their own requests/issues via the Customer Portal Help section. Centre teams must NOT submit Customer Portal requests/issues on behalf of customers. Do NOT use TeamHub or IWGenie for standard Customer Portal requests or issues. Only raise IT Application cases after all required troubleshooting is complete. Only perform Centre Team actions listed in this guide. Quick Decision Matrix Customer Issue Aurora Customer Help Request Centre Team IT Payment ✓ ✓ Invoice ✓ ✓ Billing ✓ ✓ Renewal ✓ ✓ Add Team Member ✓ ✓ Remove Team Member ✓ ✓ Booking Issue ✓ ✓ Facility Issue ✓ Wi-Fi Troubleshoot If unresolved Printing",
KB0028900,Enhancement of the VO and Membership UI/UX Journey on the Mobile and Web App,L1,Customer Portal (MyRegus),,Unmapped,Enhancement of the VO and Membership UI/UX Journey on the Mobile and Web App BS-13370: Enhance the VO and Membership UI/UX Journey on the Mobile App Virtual Office Journey - Upgrade Membership Journey - BS-13364: Enhance the VO and Membership UI/UX Journey on the WebApp Virtual Office Journey - Upgrade Membership Journey -,
KB0032423,How to Search by Membership ID on Team Hub,End User,Process Enquiry,,Unmapped,"How to Search by Membership ID on Team Hub In order to Test search by Membership ID which is actually your card number (16 digits= company reference + contact reference) Use the card number to search for membership ID, follow the steps: Login to Team Hub Navigate to Center section Select receive a visitor option Select Lounge Click on Add icon Select Global search tab Enter the Card number created (e.g. 1234567887654321) Verify user is displayed in Search results",
KB0020961,Provisioning,L1,Customer Portal (MyRegus),,Unmapped,"Provisioning 1.1 Provisioning Tickets related to Provisioning failure of Call Answering services are created as a CUSTOMER PORTAL issue in ServiceNow. IT Helpdesk can perform the first troubleshooting to understand or even solve the issue. However, in case the issue cannot be solved by them, an MST ticket will be raised so that the Application Team can review it. Possible issues and actions: Scenario Process Explanation Action Onboarding for new account fails If no welcome email is sent to customer or phone number is assigned Community team request via Teamhub -> ServiceNow ticket generated -> Central team adds service in Teamhub -> Proton communicates to Ooma -> Proton sends email to customer -> customer can see in CP At same time Ooma assigns phone number and feeds back to Proton and to CP Confirm status in Customer Portal – service, welcome email and phone number Is the status ok? Yes - feedback to customer and close ticket. No - go to step 3. Ticket should be passed onto Proton level 2 Note: If picked up by proactive monitoring by Proton they should triage 1.1 Change to call answering company and contacts information Tickets related to changes in company or contacts failure of",
KB0029922,Frequently Asked Questions on Team Hub Functionalities,End User,Process Enquiry,,Unmapped,"Frequently Asked Questions on Team Hub Functionalities Q: Will Regus be able to see my texts, photos and other personal details? A: Regus will never have access to the personal data on your phone. The app will allow Regus to only access basic details about your phone such as Model and Serial Number, Operating System, Owner and Device Name, and Phone number. Q: Will Regus track my location? A: Regus will be able to track your device only when it is near a Regus location. It will not be tracking your location 24/7. Q: My phone says that I don't have enough space to install the apps. What do I do? A: You can always delete any apps that you may no longer need, transfer photos to your computer or cloud storage, or delete old text messages to free up some space. Q: When I am installing InTune on my iPhone, I get this screen and pop-up. Does this mean that Regus can take over my phone and change all of my settings and the app shouldn't be trusted? A: No, absolutely not! InTune is an app created by Microsoft, and TeamHub is created by IWG. Both apps follow all standards and can be trusted. The app can only collect basic details about your phone such as Model and Serial Number, Operating Sy",
KB0029371,Customer Account Management Support Guide: Using Aurora for Account Queries,Centre Support,Aurora,,Unmapped,"Customer Account Management Support Guide: Using Aurora for Account Queries Customer Account Query Support Process As part of our ongoing improvements to customer support, we are updating how customer account queries are managed. These changes are designed to simplify processes, improve response consistency, and ensure customers receive specialist support from the right team dedicated to resolving their concerns efficiently. How do customers get help with their account? Customers will now receive support for account-related queries directly from the Customer Account Management Team. Customers should use Aurora as their first step for any account-related question. Aurora can: Answer many customer questions immediately Guide customers through their online account and portal Help customers raise a support case when additional assistance is required If Aurora cannot direct the customer to the correct area of the online portal or resolve their query, it will assist them in raising a help case. These cases are sent directly to the Customer Account Management Team, ensuring customers receive quicker, specialist support without requiring centres to manage these queries. What should I do if",
KB0027036,How to escalate an IT case to an Incident for Application issues,L1,Service Desk SOP,,Unmapped,"How to escalate an IT case to an Incident for Application issues Application / Service Case Mangement Description Incident creation process from an IT case Instructions Kindly follow the below steps 1.To create an IT Incident, firstly we will need to collect all the information from the IT case, like Company ID, email address, screenshots and any issue specific information and then update it in work notes. Make sure to select the correct Affected Service of the case. As highlighted below, we will have the information at the bottom of the IT case, in IWGenie Chat history 2.Updating the information on work notes - Firstly, identify if that case falls into any master ticket or can be created as stand-alone MST. Write down the name of the master if applicable Note down the Company ID and email address of the client, if it is a client issue. For staff issue, information such as Email address and center number should be written in work notes. If the issue is related to Booking, retainers or agreements, include booking reference in work notes. If the issue is related to Invoices, invoice number should be included. If the issue is related to Membership, membership number should be included",
KB0028944,How to resolve INT-AR-033/Error code: 8-,L2,Dynamics F&O,,Unmapped,How to resolve INT-AR-033/Error code: 8-,
KB0020840,User cannot see the monthly invoice e-mails in Documents ＆ emails section on TeamHub,L1,Team Hub,,Unmapped,"User cannot see the monthly invoice e-mails in Documents ＆ emails section on TeamHub Issue: User cannot see the monthly invoice e-mails in Documents &#xff06;emails section on Team Hub. User can only see that the Initial invoices are sent on Team Hub, but after that there is nothing users can check about the monthly invoices. Root Cause: Titan do NOT store monthly invoices in the eFile since there would be too much information This is working as designed.",
KB0028874,Discussion link missing from Amend Agreement page,L1,Team Hub,,Unmapped,"Discussion link missing from Amend Agreement page If the link for raising a discussion ticket is missing from the Amend Agreement page, please check if all 3 tiers of pricing are visible to the user. Per TH design if all 3 pricing lists are visible, link will not be shown.",
KB0020750,Set the particular value to Current SOA Balance.,L1,Titan,,Unmapped,Set the particular value to Current SOA Balance. Application / Service Titan Details How to check/do that in UI: Example Company ID 8392090 Setting a different value for the Current SOA Balance can be done either by AHD or GSC by the following steps provided with the screenshots. Search for the required company. Open the Edit mode by clicking the pencil icon. Switch to the Financial tab. Enter the required value into the Current balance of SOA is: field. See the notification displayed Click the Correct button to apply the changes See the results applied Whom to refer to do: GSC/AHD. Usually it is under the Titan user with GSC Sr. Billing Coordinator role assigned. GSC - https://support.iwgplc.com/sp?id&#61;sc_cat_item&sys_id&#61;b84626e687788190a310baaabbbb35b0&sysparm_category&#61;e8723e45870b0150ed48620c8bbb3564 AHD - https://support.iwgplc.com/sp?sys_kb_id&#61;0b92a3db87c50150ed48620c8bbb35ab&id&#61;kb_article_view&sysparm_rank&#61;1&sysparm_tsqueryId&#61;f2c0c8171b424590ba5febd4604bcb8d,
KB0020889,How can I amend or delete vacations requests in Team Hub that I have submitted incorrectly?,L1,Team Hub,,Unmapped,"How can I amend or delete vacations requests in Team Hub that I have submitted incorrectly? Issue: I need to cancel my holiday request but can't see any action button to do this in Team hub Solution: Please contact your Line Manager who can update the vacation leave entry. From PeopleSoft, the line manager should go into the approved vacation request and change the status from Approved to Not Approved . This adds the days back into the employee’s balance and also leaves the request for reference. If the employee is amending the filed days – for example taking 3 days instead of 5, then the line manager should change the request to Awaiting for Approval so that the employee (or manager) can amend the request before re-approving. Please have your line manager follow the Manager Self-service Guide for Vacation and Absence Management for more detailed steps.",
KB0028765,Decline message from Payment Provider,Customer Support,Payments,,Unmapped,Decline message from Payment Provider,EMPTY BODY in source export
KB0027525,Customer Portal | How to contact Account Helpdesk Team,L1,Customer Portal (MyRegus),,Unmapped,Customer Portal | How to contact Account Helpdesk Team Kindly follow the below procedure to contact Account Helpdesk Team: 1. Open the account for which you require assistance in MyRegus Portal 2. Click on Help section in the online portal: 3. Click on Get Help:,
KB0020888,Unable to Terminate Service (Weekly Mail Forwarding) on a specific date in Team Hub,L1,Team Hub,,Unmapped,"Unable to Terminate Service (Weekly Mail Forwarding) on a specific date in Team Hub User is trying to end service on a specific date but it's not allowing him since the service price changed. Solution: First set the unit price as its minimum value required by the System , total price should not be changed. Then, set the end date to “Last billed date“. Example :",
KB0020864,User not getting Printing and Photocopies discount in Team Hub,L1,Team Hub,,Unmapped,User not getting Printing and Photocopies discount in Team Hub No discount applied on Printing and photocopies Reason : “Cannot be discounted” flag on Titan needs to be enabled in order to apply volume offer discount. Solution : User must reach out to Titan Admins and request them to enable “Cannot be discounted” flag Titan Admin email “ GSC.TitanSupport&#64;regus.com “ Link to raise a ticket: https://iwgprod.service-now.com/sp?id&#61;sc_cat_item&sys_id&#61;075f5a0b87ccc950ed48620c8bbb35b8&sysparm_category&#61;9bdfd40287cf7410a310baaabbbb35c0,
KB0024502,How to map a user to a worker in D365FO,L1,Dynamics F&O,,Unmapped,"How to map a user to a worker in D365FO Application / Service Dynamics F&O Description This is for a request to map a user to a worker in D365FO. Instructions 1. On the Navigation pane, select System administration module and expand Users . 2. Click Users . The Users form will be displayed. 3. Click the name on the User ID column to open User details . 4. In the HR resources module, expand Workers and open Workers form. This where the details provided by the user will be validated in the Workers form - such as First name, Last name, Personnel number, and employee start date and other details. 5. Go back to the Users form in the System administration module and select the user's name in the Person field. The record in the User name field should match the name in the Person field similar to what was validated in the Workers form. Additional Information (optional) 1. Pre-requisite: The user is an active user in D365FO and completed KB0023694 - How to create and grant access to a new user in D365FO. 2. For single user request, the worker will be the same as user; while for bulk user request, need the user and worker mapping details for importing (see attached template).",
KB0023765,How to edit a user in D365FO,L1,Dynamics F&O,,Unmapped,"How to edit a user in D365FO Application / Service Dynamics F&O Description This is for a request to edit a user's information or to edit the role that is assigned to a user in D365FO. Instructions 1. After the ticket has been raised and approval has been attached, go to D365FO application. Note: Approval is dependent on the type of roles (Reference: KB0023694 - How to create and grant access to a new user in D365FO) . 2. On the Navigation pane, select System administration module and expand Users . 3. Click Users . The Users form will be displayed. 4. Click the name on the User ID column to open User details and User's roles sections. 5. Edit the user's information. User details section - the section of the form where user's information can be edited such as username, email address, company, etc. Note: Changing Enabled button to Yes is to activate; and No to deactivate. Refer to another KB on how-to-deactivate a user. User's roles section - the section of the form where user's roles can be edited or added. Note: Click Assign roles, if this is the request, and select the appropriate role. 6. Save and close the form.",
KB0024688,How To Check Rejection Reason For Credit Card_INGENICO,L1,Customer Portal (MyRegus),,Unmapped,How To Check Rejection Reason For Credit Card_INGENICO Application / Service Customer Portal | Payment Service Provider (PSP) Portal for Ingenico / Global Collect / Worldline Description This article can be used to check the following issues for the specific payment provider: 1. Unable to make card payment. 2. Unable to add card. 3. Autopayment not working. IMPORTANT NOTE FOR L1 : Here is the summary of the general/common errors obtained and what can be done next by L1 team based on the error/rejection reason identified in the PSP Portal. ERROR MESSAGE STEPS L1 CAN DO Insufficient Funds L1 can share the error message to the requester Authorization amount has already been depleted L1 to advise to contact their bank / redirect users to contact GSC for further assistance Exceeds Approval Amount Limit L1 can share the error message to the requester Fraud/Security L1 to advise to contact their bank / redirect users to contact GSC for further assistance Invalid or expired card; contact cardholder to update L1 can share the error message to the requester Incremented auth exceeds max transaction amount L1 can share the error message to the requester Pickup card - Other than Lost/Stolen L1,
KB0025567,Why the Payment failure Email was not sent to the client?,L1,Customer Portal (MyRegus),,Unmapped,"Why the Payment failure Email was not sent to the client? Application / Service Customer Portal Details Why the payment failure Email was not sent to the client? Invoice autopayment process contains pre-validation and payment processing phase at PSP. Pre-validation phase is where we check if all conditions are satisfied prior to making payment request to PSP. Some of pre-validations conditions are: Center’s config must have payment provider set Payment amount is greater than 0 Client’s payment card is not deleted Client’s payment card is not expired etc In case than any of these is violated, we abort the request preparation, return the response but we do not send failure email. Payment failure email will be sent in case that all pre-validations pass and something goes wrong during the processing of payment phase itself at PSP. Additional Information Please check in the client's Titan and Myregus account, if any of these conditions are matching or not - Center configuration can be checked under Titan> Admin> System Admin Payment amount can be checked in Invoice section on Titan and myregus Client credit card deletion emails, credit card expiry emails can be checked in Titan> Clients",
KB0029476,Membership not being applied to booking due to Membership Tier not configured not configured for that Center,L1,Customer Portal (MyRegus),,Unmapped,"Membership not being applied to booking due to Membership Tier not configured not configured for that Center If a Company has a Membership, Membership contains the ""regional"" classification and the customer is complaining the Membership does not get applied or was not applied to a Booking and they got Charged. On Titan, please check the Center on which they are either attempting to Book or have already Booked and got Charged. On the ""Center Admin"" screen, select the Center and scroll down to the ""Membership Region section"". If the Center does not contain the ""regional"" tier for their Country, the Membership cannot be applied to that Center and this is working as designed. Please check if the Center has the Membership tier first.",
KB0033058,Credit Card Expiry Not Updating After Making Changes,Customer Support,Payments,,Unmapped,"Credit Card Expiry Not Updating After Making Changes Expired card not being updated on Customer Portal - three scenarios - The customer needs to change only EXP date. When CC is expiring and readding the same card with new expiration date does not work (card is readded with same expiration date) we need to use Edit card feature so it triggers token refresh at payment provider. This can be done through web or app. If it still isn't working for either web or app please send us screenshots what happens when customer tries to edit card and we will continue investigating the issue. Advise the client to click on EDIT: Then the month and year of the new expiry date should be selected from the drop-down menu: Then click on UPDATE. An expired Payment Card should be updated with a new expiry date. 2 . The customer needs to change EXP date and CVV. In this case, the client must delete the Payment card from MyRegus and add it again by entering the new EXP date and new CVV. If the Payment card was the Default Payment method, it is necessary to add a completely new card and set it as the Default Payment method. After the new card is added as Default Payment method, delete original payment card.",
KB0037159,How do I request an early termination for an agreement or a booking,Customer Support,Accounts & Companies,,Unmapped,"How do I request an early termination for an agreement or a booking Summary This article guides centre teams through the process of requesting an early termination of a customer agreement via Teamhub. Purpose To help centre teams support customers who need to end their agreement before the scheduled end date, using the proper Teamhub process and escalation paths. 1. Self-Help First Review the agreement terms with the customer. Confirm customer approval and eligibility for early termination. Validate the effective termination date. Refer to the Agreement Process Guide before proceeding. 2. IWG Academy Links Agreement Process Guide - IWG Academy GSC Escalation Process - IWG Academy 3. How to Raise a Ticket Teamhub Option: Go to: Teamhub > Company > Amend Agreement > Request to Early Terminate 4. What You Can Request Early termination of an agreement or booking Support with failed termination requests Clarification of early termination rules 5. After You Submit GSC will review and confirm the termination. If more information is needed, they will reach out. No additional tickets are required unless advised.",
KB0023767,How to deactivate a user in D365FO,L1,Dynamics F&O,,Unmapped,"How to deactivate a user in D365FO Application / Service Dynamics F&O Description This is for a request to deactivate or disable a user in D365FO. Instructions 1. After the ticket has been raised and approval has been attached (if the process requires it), go to D365FO application. 3. Click Users . The Users form will be displayed. 4. Click the name on the User ID column to open User details and User's roles sections. 5. On the header of the Users form, click Edit option. The form will be opened for editing. 6. Toggle the Enabled button to NO. 7. Click Save . Additional Information (optional) 1. Approval to deactivate depends on the company/support process. i.e., via the Quarterly Access Review activity or a request is raised in SNOW portal to deactivate a super user (system administrator role). For system administrator's role, secure approval. (For updated approval matrix, refer to KB0023694 - How to create and grant access to a new user in D365FO. ) 2. On the Users form > User's roles section, changing Enabled button to Yes is to activate; and No is to deactivate.",
KB0020842,Request Early Termination - System does not allow user to select the date and continue on Team Hub,L1,Team Hub,,Unmapped,"Request Early Termination - System does not allow user to select the date and continue on Team Hub Client processed termination effective end of may 2023. User Marrylene Nabor rolled back the termination by mistake . User is trying to raise an early termination task to amend the rolled agreement to be terminated effective 31st of may 2023 and credit issued june invoice, however the system does not allow us to select the date and continue. Solution: This is for Booking Correction. User will have to go through Help section of Team Hub to raise a ticket for Booking correction team via path: Home > All Catalogs > IWG One Help Desk > Customer Operations > Billing > Account Maintenance-Booking Correction",
KB0028945,How to resolve INT-AR-033/Error code: 9-,L2,Dynamics F&O,,Unmapped,How to resolve INT-AR-033/Error code: 9-,
KB0032948,Unable to open Help section on Team Hub,End User,Ticket Viewing and Access,,Unmapped,"Unable to open Help section on Team Hub Issue When clicking the Help button in TeamHub, the system redirects you to a screen that shows you are logged out. Cause This happens when the user does not have access to ServiceNow, which is required for the Help section to load correctly. Resolution You will need to request access or report the issue. Raise a support ticket via IWG Genie. Search for or select ServiceNow Issue as the topic. Submit the request so IT can restore your ServiceNow access.",
KB0021058,Missing Retainer tab on Customer Portal,L1,Customer Portal (MyRegus),[Retainers] Retainer issues,Medium,Missing Retainer tab on Customer Portal If the Retainer tab is missing in the client's account on Customer Portal Example Screenshot - if case is raised with Missing Retainer tab in CP and user did not provide balance from Finance. L1 tells them to raise ticket with GSC as GSC needs to do these balance checkups and CP L1 resolves snow ticket if case is raised with Missing Retainer tab in CP and user provided balance from Finance L1 proceeds with investigation and create MST if needed. For a workaround they can fill manual retainer form and submit it to Account Helpdesk. Link - https://regusgroupservices.sharepoint.com/sites/intranet/docs/_layouts/15/Doc.aspx?sourcedoc=%7B8AAB6665-7B93-4F66-8631-DC8F912F9CA6%7D&file=Retainer%20Refund%20Request.xlsx&action=default&mobileredirect=true&DefaultItemOpen=1,
KB0037193,How can customers request for an overpayment refund,Customer Support,Payments,,Unmapped,How can customers request for an overpayment refund Summary : This article guides users for queries on how to return a credit balance on a customer account. Purpose : This article provides the the guide for assisting customers with overpayment refund request. Instructions : Centre team to follow the guide how to handle customer refund queries via IWG Academy Link .,
KB0024569,Teamhub | Required Information for Applications Team,L1,Team Hub,,Unmapped,Teamhub | Required Information for Applications Team Application / Service Teamhub Details The following details are required based on the type of issue or request in TEAMHUB. ADDING / EDITING SERVICES Titan Company Reference / Account Number: &bull; Company Name: &bull; Centre No: &bull; Booking Reference: &bull; Screenshots of the issue in Team Hub: &bull; Steps taken that lead to the error: &bull; Version of TH: INCORRECT OR MISSING COMPANY DETAILS Titan Company Reference / Account Number: &bull; Company Name: &bull; Centre No: &bull; Booking Reference: &bull; Screenshots of the issue in Team Hub: &bull; Steps taken that lead to the error: &bull; Version of TH: APP PERFORMANCE Version of TH &bull; Steps taken that lead to the error &bull; Screenshot of the issue in Teamhub AMENDING AN AGREEMENT Titan Company Reference / Account Number: &bull; Company Name: &bull; Centre No: &bull; Booking Reference: &bull; Screenshots of the issue in Team Hub: &bull; Steps taken that lead to the error: &bull; Version of TH: INSTALLING THE APP Version of TH &bull; Steps taken that lead to the error &bull; Screenshot of the issue in Teamhub UPDATING THE APP Version of TH &bull; Steps taken that le,
KB0020666,Unable to remove Signage Service and getting price increase in Team Hub,L1,Team Hub,,Unmapped,"Unable to remove Signage Service and getting price increase in Team Hub Application / Service TeamHub Details Service has a FIXED Price configured in Titan Service cannot be deleted due to Titan property ""Cannot Remove in R-Zone"" is enabled In order to remove the service, please reach out to Titan admins Link to raise a ticket: https://iwgprod.service-now.com/sp?id=sc_cat_item&sys_id=075f5a0b87ccc950ed48620c8bbb35b8&sysparm_category=9bdfd40287cf7410a310baaabbbb35c0",
KB0020893,Activation of IWG Cards for Centre Teams (GSC Support),L1,Customer Portal (MyRegus),,Unmapped,"Activation of IWG Cards for Centre Teams (GSC Support) GSC team will receive requests from Centre Teams regarding the activation of IWG Cards for Centre Teams and increase of IWG Cards coffee limit for customers or Centre Teams in the SNOW queue called GSC IWG CARD. 1.1 Requests 1.1.1 IWG Cards Activation / Deactivation When the activation / deactivation of Centre Teams IWG Cards in Nayax portal is requested, GSC team must first check if the card is created in Nayax portal. NOTE: GSC team must only activate / deactivate IWG Cards (and not fobs) belonging to Centre Teams. Cards that belong to customers must be activated / deactivated by themselves in their online account. In order to check if a card is created in Nayax portal, enter the country operator from the centre specified in the ticket, access Consumers > Card Management menu and search for the card number. If the card is created, a result will be displayed and its status will be shown in the card details. The status can be changed by selecting the dropdown: Ticket requests IWG Card activation and the card is already created: select status “Active” Ticket requests IWG Card deactivation and the card is already created: select",
KB0020886,Unable to see Client documents and emails in Team Hub,L1,Team Hub,,Unmapped,"Unable to see Client documents and emails in Team Hub Users are not getting “Client’s documents and emails“ in the Documents and Email section. Solution : Users must click on Filter button to see all the filter options, select ‘All Centers’ and ‘All files’ for categories and press Apply button.",
KB0029380,Download link is no longer available when copied from CRM case description,L1,Customer Portal (MyRegus),,Unmapped,"Download link is no longer available when copied from CRM case description Download link is no longer available when copied from CRM case description Issue Users may report that a file download link copied from a CRM case description is no longer available or does not work when pasted into a browser. Example symptom: ""When users copy and paste the link from the description, it is no longer available."" Expected behavior The download link is intended for single use only. In production, the link currently expires after 1 month. Because of this, the link may stop working if: it has already been accessed once; the redirected download URL was copied/shared and reused later; the link is older than 1 month; the same token/link is opened multiple times. This is expected behavior and does not always indicate an API issue. Important technical note During the flow, the API first checks Azure Table Storage to confirm whether the download token has already been used. If Azure Table returns 404, this means the token was not found as previously used. For a first-time download attempt, this is expected. After that, the API requests the downstream E-File download URL. If successful, the API returns:",
KB0025007,Titan | Contact Invoice Not Getting Invoice Emails,L2,Titan,,Unmapped,"Titan | Contact Invoice Not Getting Invoice Emails Application / Service Titan > E-mail Issue Symptoms / Error Monthly invoices are not not being sent to its invoice contact email address. Resolution 1. Specific Email Address Email address are in *@regus.com domain and we don't send emails to our own domain (ex. regus.com). They can change to *iwgplc.com domain if needed for the email address. 2. Center Setup. Go to Titan Admin -> Inventory Pricing -> Enable Invoice Emails: Setting. If it says NO , invoice emails will not be sent. Additional Information Reference tickets: MST (JIRA): MST-37313 MST (JIRA): MST-60157",
KB0025400,Basic check if the CRM booking is not free,L1,Customer Portal (MyRegus),,Unmapped,"Basic check if the CRM booking is not free Application / Service Customer Portal Issue Symptoms / Error Sometimes the customer claims that CRM booking is not for free, in that case there are some basic things that need to be checked. Resolution Navigate to Customer Portal – Production environment Login in Staff mode Search for provided Company/Account ID Open the Company/Contact with the issue Verify if the CMR tile is showed on the Home page Click on Book a Community Meeting Room tile Select select location, date and time slot Verify on the left corner down &#34;Free&#34; is displayed Note: CMR can be booked once per day for the company for no longer than 2 hours, minimum of 1 hour. If the company has another booking in a CMR for the same day and was booked as a free CMR then they will not be able to book another free slot from this option. The time slot intervals will be half hourly slots on the hour and every half hour within center opening hours excluding weekends and public holidays. Additional Information If the issue does not persist, we need to ask customer to try book CMR again in the available time slot.",
KB0024553,If the Direct Debit reflects as pending on Customer Portal,L1,Customer Portal (MyRegus),,Unmapped,"If the Direct Debit reflects as pending on Customer Portal Application / Service Customer Portal Description When a client adds a payment method on Customer Portal, they will get 2 options. Credit Card and Direct Debit. If they are adding the Direct Debit on their account for autopayment, they will have to wait for some time until it reflects on the Customer Portal. The customer will get the outcome after adding DD, like shown below - This ""pending"" icon shows that the DD is added in the account, but it will take some time to get reflected and activated in Myregus. Instructions To check the effective date when the DD should be activated, please follow the below steps - 1) Go to Titan and search for the Company ID. 2) Open the account of the customer who is facing this issue. 3) Go to Financial Data tab, and scroll to the bottom of the page. 4) You will be able to see "" Pending Payment Method Change "" under Invoice terms. 5) The effective date which is mentioned in that field, will be the date when it will be activated on Customer Portal. 6) If the DD is still not visible after the effective date is gone, raise ticket to L2-Portal Support Additional Information <Add links to more re",
KB0022502,Customer Portal Invoice not found Issues,L1,Customer Portal (MyRegus),[Invoicing] Invoices not found on My Regus,High,"Customer Portal Invoice not found Issues Issue - When a client is logging in to their account, there might be several cases where they won't be able to see the invoices on their &#34;Billings & Payments&#34; section. Sometimes a specific invoice might be missing, or there may be error pages displayed in that section. 3 Cases for Invoices Not Found - 1) Specific Invoice missing In this case, please advise the client to clear the date filters, and then search with the Invoice number, they will be able to see the invoice. If the invoice is not there, we need to check if the invoice is visible on Titan - Invoice Management page or not. If invoice is present in Titan but not in Myregus, raise MST with Titan Rejection reason visible for specific invoice on the Invoice Management page 2) Invoices - No results Found There might be some cases where the center team will raise an issue with the below screenshot (Always ask for full screenshot with visible CompanyId, make sure that company from description and screenshot match. In this case, kindly go to Invoice management page in Titan, and check if the invoices have been generated for this customer or not. If there are no invoices please ask",
KB0032851,How to Contact the Reinstatements Team,Customer Support,Accounts & Companies,,Unmapped,"How to Contact the Reinstatements Team Summary This guide explains how Centre Teams can contact the Reinstatements Team when account reinstatement support is required. Purpose To help Centre Teams quickly reach the correct team for customer account reinstatement queries using either the Teamhub portal or email. 1. Self-Help First Ensure the issue relates to account reinstatement (e.g., suspended or blocked customer accounts). Check if a reinstatement request has already been submitted. Gather relevant account information before raising the request. 2. How to Raise a Ticket Teamhub Option: Navigate to: Home > All Catalogs > IWG One Helpdesk > Customer Operations Portal: Customer Operations - Service Portal Email Option: Send an email to: Reinstatements@iwgplc.com 3. What You Can Request Reinstatement of suspended or blocked customer accounts Clarification on reinstatement eligibility and next steps 5. After You Submit The Reinstatements Team will process your request and contact you if further information is needed. No duplicate submissions are necessary during processing.",
KB0034905,Unable to edit Prices of an existing Parking Service on Team Hub,End User,Process Enquiry,,Unmapped,"Unable to edit Prices of an existing Parking Service on Team Hub Issue A user is unable to change the price of an existing Parking Service in TeamHub. Cause This is expected behaviour. The Edit Service function for Parking bookings is designed only for terminating an existing Parking Service by updating the End Date to the last billed date. If a user attempts to change the price, TeamHub will display a warning message indicating that the Parking Service will be terminated .",
KB0020287,Unable to select agreement for renewal,L1,Team Hub,,Unmapped,"Unable to select agreement for renewal Application / Service TeamHub Details Ask the user for the start and end date of the booking. If end date of the booking is in the past implicates that the booking is not active anymore and will not be displayed on Amend Agreement Renewal screen Example : if booking end date is 31st July 2021 and user tried to access the booking in August 2021, by that date booking has already ended, and it will not be displayed anymore. If the start date of the booking is in the future implicates that the booking is not active yet and will not be displayed on Amend Agreement Renewal screen Example : if booking start date is 31st July 2021 and user tried to access the booking in June 2021, by that date booking didn't start yet, and it will not be displayed yet. If the start date is in the past and the end date is in the future renewal should show, so an MST should be raised. Example : if booking start date is 31st July 2021 and end date is 30 August 2021 and user tried to access the booking in 15 August 2021, by that date booking should show.",
KB0025381,Unable to checkout short stay bookings,L1,Team Hub,,Unmapped,"Unable to checkout short stay bookings Users are unable to perform check-out due to error like the one on the screenshot: If a user is unable to check out a short stay booking the first thing to check is if CallRatingProvider is setup on Titan. To do this please login to Titan and follow the steps: Admin > System Admin On the left side type in the Centre that is affected (in this case 6282): Look for Call Solution and check if Call Rating Provider is setup. If not, please direct the users to raise a ticket with Titan Admins to have this configured.",
KB0025452,PTO not apporved in TeamHub,L1,Team Hub,,Unmapped,"PTO not apporved in TeamHub Application / Service TeamHub Issue Symptoms / Error PTO, Vacation and other leaves not approved in TeamHub Resolution If user is having issues with their time off not showing as approved in TeamHub they should reach out to their manager. Requests for Time Off cannot be approved in TeamHub, that is being done in PeopleSoft HR. In case it has been approved in PSHR, compare their Time Off between PSHR and TeamHub. If there is a mismatch, L2 investigation will be needed. Additional Information",
KB0027666,How to get Priority Internet Service Usage Report?,Customer Support,Priority Internet,,Unmapped,"How to get Priority Internet Service Usage Report? Priority Internet is a mandatory Recurring service provided with the Sale. The usage report for Priority Internet service cannot be fetched specifically. As any other recurring service sale added, it does not matter whether the client used it or not. They pay for ordered unlimited service. And until they opt out (waive) the service if they do not need it, they would need to pay for it monthly. The client or center teams can only retrieve the MAC Address Usage report which are added in the account. To get the instructions, on how to get usage report for MAC Addresses, please follow this link - How to fetch MAC Address usage report on Myregus ? | ServiceNow",
KB0028522,Customer has recurring Kitchen Amenities service but they are still charged for Single Beverage,L1,Customer Portal (MyRegus),,Unmapped,Customer has recurring Kitchen Amenities service but they are still charged for Single Beverage,
KB0032444,How to Upgrade or Downgrade a Product in TeamHub,End User,Process Enquiry,,Unmapped,"How to Upgrade or Downgrade a Product in TeamHub Overview This article explains how centre teams can upgrade or downgrade a Virtual Office product in TeamHub. This process applies only to Virtual Office products and cannot be used for other product types. Preconditions Before submitting an upgrade or downgrade request, ensure the agreement meets the following: The booking is an active Virtual Office agreement or a future-dated Virtual Office agreement Pricing has been uploaded The agreement can be terminated or renewed Purpose To change the customer's Virtual Office product type, depending on how it was originally created (e.g., Mailbox Plus, Telephone Answering, Virtual Office Standard, Virtual Office Plus ). Steps to Upgrade or Downgrade a Virtual Office Product Go to the Centre tab in TeamHub and select the relevant centre. Navigate to the Company tab and search for the customer's company. Click Amend Agreement and select the agreement that needs updating. Click Upgrade/Downgrade Product. Enter all required details and follow the prompts to complete the update. Additional Guidance & Limitations Adding Parking as a Recurring Service The system currently supports daily charge park",
KB0037206,How to Request a Retainer to Be Applied on Outstanding Invoices,Customer Support,Payments,[Retainers] Retainer issues,Medium,"How to Request a Retainer to Be Applied on Outstanding Invoices Summary This article guides users on how to request that a customer's retainer be applied to cover unpaid invoices, under specific conditions. Purpose To ensure that Centre Teams use the correct process for retainer offsets against overdue invoices, including when approvals and conditions are required. 1. Self-Help First Review agreement status and ensure it has ended. Confirm that no retainer balance will remain after the offset. Collect supporting documentation (e.g., settlement agreement or court order). Obtain prior approval from Lorraine Veber for partial offsets or reapplication of excess retainers. 2. IWG Academy Links GSC Escalation Process - IWG Academy 3. How to Raise a Request Teamhub Option: Go to: Teamhub > Company > Log a Task > Select Account > Retainer Transfer Request Include: Centre and account details Requested retainer amount Agreement termination confirmation Approval documentation if required Note: Use the IWG Academy escalation process if the request is delayed. 4. What You Can Request Retainer offset for fully terminated agreements Application of excess retainer to outstanding invoices (with app",
KB0035554,TeamHub is requesting Users to set day status multiple times on the same day,End User,Process Enquiry,,Unmapped,TeamHub is requesting Users to set day status multiple times on the same day Application / Service Team Hub Details Issue where TeamHub requires users to set their status each time they login to TeamHub during the same day is caused by location NOT being turned ON for the device user is using. To enable Location on iOS devices: You can turn Location Services on or off at Settings > Privacy & Security > Location Services. To enable Location on Android devices: You can turn Location Services on or off at Settings > Security & Location > Location To enable location on Windows go to Start > Settings > Privacy & Security > Location:,
KB0029050,Meeting Room Fees not visible on Upcoming Invoice page on TeamHub,L1,Team Hub,,Unmapped,"Meeting Room Fees not visible on Upcoming Invoice page on TeamHub On the Team Hub screen ""View / Amend Upcoming Invoice"", we only show charges that are linked to bookings that are still active. So in cases like MR02 / MR01, where the associated meeting room booking has already ended (is in the past), Team Hub will intentionally not show those items anymore. What this means in practice If a charge is tied to a specific inventory (for example, a Meeting Room like MR02 / MR01) And the booking has already finished (checked out / expired) or has been cancelled Condition ( booking.EndDate >= DateTime.Today ) Then Team Hub treats it as no longer eligible to display in the ""Upcoming Invoice"" amend view Important: This does not mean the customer won't be billed. The invoice can still be raised and the charges will still be applied - they just won't appear in Team Hub's ""Upcoming Invoice"" view once the booking is no longer active but they will be visible on the Previous Invoices page once it has been raised. This behavior was introduced deliberately as part of a previous change request ( CEN-1394 ) to keep the ""Upcoming Invoice"" screen focused on items that can still realistically be reviewe",
KB0029378,Troubleshooting Guide on how to check free membership client being charged with day office booking incorrectly,L1,Titan,,Unmapped,Troubleshooting Guide on how to check free membership client being charged with day office booking incorrectly,
KB0025511,Terminate agreement on CP without Business Continuity service,L1,Customer Portal (MyRegus),,Unmapped,Terminate agreement on CP without Business Continuity service Application / Service Customer Portal Description Terminating agreement on Customer Portal without business continuity service Instructions 1. Select the agreement and click on End Agreement button 2. Confirm you want to end the agreement 3. On the bottom left corner you will have an option to Opt Out of business continuity service: 4. Confirm that you want to end the agreement without this service 5. Your agreement is terminated without business continuity service and you will see the following screen Additional Information,
KB0028149,Customer is being charged for recurring service even after terminating agreement,L1,Customer Portal (MyRegus),,Unmapped,"Customer is being charged for recurring service even after terminating agreement Application / Service Customer Portal Details Issues where customers are still being charged for recurring service after their agreement has ended: For example agreement for this customer has ended on April 30th: But they are still being charged for the recurring service: As it can be seen from the screenshots, this service is added as a Direct Sale and it is not expected that this service is terminated with the agreement. It's a separate sale and it has to be terminated manually through TeamHub or by Booking correction team. Additional Information <Add links to more resources such as a page in the product documentation, SharePoint sites, related knowledge article, or other customer applications>",
KB0029376,Troubleshooting Guide to check Inventory/Room Capacity,L1,Titan,,Unmapped,"Troubleshooting Guide to check Inventory/Room Capacity KT Insight: When the client/Centre user are unable to book full capacity rooms online it is because of a mismatch between the inventory configuration and the delegate's field . This discrepancy causes incorrect availability to display on Customer Portal. In Titan > Admin > Inventory Admin > Office section , the configuration tabular box (Station & Actual Workstation defined) sets the limits that constrain delegate capacity. Since this is a configuration issue and not an IT defect, the resolution requires contacting the Global Inventory Team to correct the configuration data. General Steps to Identify This Type of Situation: Check Room Configuration Navigate to Titan > Admin > Inventory Admin > Office section. Review the Station & Actual Workstation values in the configuration tabular box. Compare Capacity vs Delegates Field Verify the maximum person capacity defined for the room. Cross-check the delegates field value. Validate Portal Display Attempt to book the room online. Confirm if the displayed availability matches the configured capacity. Identify Discrepancy If the delegates field is lower than the max capacity, the porta",
KB0020874,Cannot make a booking: at least one booking is past the expiry date of a card selected.,L1,Titan,,Unmapped,"Cannot make a booking: at least one booking is past the expiry date of a card selected. Application / Service Titan Details The following message can appear upon any try to edit the booking in Titan. Error message: Cannot make a booking: at least one booking is past the expiry date of a card selected. The company financial data has the setting called Pay by . It it is set to Payment Card , that means the system will check the company's card (whether it valid or not) every time you create any bookings for it. If the Payment Scheme is set to Immediate - the system will check that card on the contact profile among cards stored on file. If the Payment Scheme is Monthly - the system will check the card provided on Financial data. Since the card field is not provided, you see this error. The requestor needs to be advised to: Set the card respectively, or change the Pay By method by customer via CP, or by AHD using the Titan UI. Please add the card. Or, change the Pay by method to any other.",
KB0029275,PSHR Update Not Reflected in Dynamics F&O Impacting Expense Approvals,L1,Service Desk SOP,,Unmapped,"PSHR Update Not Reflected in Dynamics F&O Impacting Expense Approvals Issue Expense approvals are routed to incorrect approvers in Dynamics F&O (D365FO). Symptoms Expense reports are assigned to an incorrect Executive Assistant. Incorrect ""Reports to"" in ""Workers"" form. Organizational hierarchy in D365FO not aligned with PS HR ""[Employee1] is reporting to [Line Manager 1] and his expenses on Dynamic should go to [Executive Assistant 1] for approval. However, they keep going to [Executive Assistant 2] for approval."" ""I am still receiving expense approvals for team members who have now moved under [Line Manager 1] region&hellip; "" Affected System/Environment/Module/Form Dynamics F&O/PROD/Expense management/Expense report Root Cause Analysis In January 2026, PS HR updated line managers as part of an organizational realignment. However, these updates were not reflected in D365FO. Investigation found that the Power Automate integration flow between PS HR and D365FO was automatically deactivated due to recurring failures caused by an expired client secret. As a result, employee reporting structure changes were not synchronized. Root Cause Expired client secret caused the Power Automate f",
KB0020281,Unable to access Documents on TeamHub,L1,Team Hub,,Unmapped,"Unable to access Documents on TeamHub Application / Service TeamHub Details Please follow the below given instructions to be able to access Documents in Teamhub 1. 404 Error occurred When user is unable to access important documents on TeamHub it needs to be assigned to the IT Helpdesk team, as it is a centre setup issue. Screenshot for the correct team a ticket needs to be assigned listed below. In this case, you should not open MST tickets for the TeamHub team. 2. Unable to see KYC documents Check if the filter or the category of the files are correct : User to check if they have the KYC type while creating a new document (Maybe they created the document with a different type than KYC and that's why it does not show): 1. When adding a new document they need to change the ""Category"" to KYC Document: 2. b. User to check if they have the KYC type while document filtration: 1. Click on the filter button, on the left of the search bar 2. Change the Document Categoy to KYC Documents: c. Check Center Selected: Documents displayed in Team Hub depend on the center selected. Users can also use the filter to use ""All centers"" option to see all documents for all centers displayed following n",
KB0020701,Centre team received wrong email address after adding Service to the Customer in Team Hub,L1,Team Hub,,Unmapped,Centre team received wrong email address after adding Service to the Customer in Team Hub Application / Service TeamHub Details Issue: Parking service was added to the Customer in Center Regus 5787 Altezza and we (user/staff) and our Colleagues from Regus Theresienh&ouml;he received a E-mail notification that the Service was added but email address shouldn't have been sent to Regus Theresienh&ouml;he Root Cause: The User/ staff who booked this parking service has Regus Theresienh&ouml;he r Centre as theirs Default Centre and therefore an email address was sent to staff from Regus Theresienh&ouml;he . ( Working as Designed. ),
KB0037194,How can customers raise account receivable queries,Customer Support,Payments,,Unmapped,"How can customers raise account receivable queries Summary : This article guides users for questions on credit card payment query, payment query, direct debit payment query, refund query and retainer query. Purpose : This article provides the correct guide for customers with accounts receivable queries. Instructions : Centre team to follow the guide how to handle customer billing queries via IWG Academy Link .",
KB0029260,AHD Team Guide: Customer Portal Credit Card Registration Issues,Customer Support,Payments,,Unmapped,"AHD Team Guide: Customer Portal Credit Card Registration Issues Summary Supports AHD in handling unresolved customer credit card registration issues after Aurora. Purpose Ensures AHD follows the correct process for credit card registration issues in Customer Portal after Aurora and Help submission have been completed. Self-Help First (Customer Requirement) Confirm the customer has already: Used Aurora Chat Assist Submitted a case via the Help section How to Raise a Ticket (AHD Only) ServiceNow Path - this goes to GSC AR/CNP Team https://support.iwgplc.com/sp?id=sc_cat_item&sys_id=0532926b87c43190a310baaabbbb35af&sysparm_category=5914d8f087cf8d10ed48620c8bbb35d1 Required Details First 6 and last 4 digits of the card Date of registration attempt Customer email & company name Error message or screenshot What You Can Request Failed card registration Errors adding payment methods Default card not saving Registration error messages After You Submit GSC AR investigates and provides guidance IT is engaged by GSC AR if needed AHD monitors until resolution For escalation to GSC AR team, search GSC Escalation Matrix in IWG Academy via Elbie chat assist or via search field.",
KB0025863,Services not visible on Customer Portals,L1,Customer Portal (MyRegus),,Unmapped,"Services not visible on Customer Portals Application / Service Customer Portal Details Services Additional Information For issues related to services not being shown on CP please check the following: On Titan UI > Services > Recurring Sales find the Centre and Company issue is related to and check if the service is added under Direct Customer Sale like on the screenshot. If it is, CP per design wil not show that service.",
KB0037192,How can customers request for credits,Customer Support,Payments,,Unmapped,How can customers request for credits Summary : This article guides users for queries on: How to credit a charge indicated in their invoice How to credit Business Continuity if opt out was missed during the standard online termination Purpose : This article provides the correct guide for assisting customers who are requesting credit. Instructions : Centre team to follow the guide how to handle customer billing queries via IWG Academy Link .,
KB0037857,Why am I not able to access Customer Portal mobile application for staff mode?,End User,Login,[Login] Error while logging in to Myregus staff mode (different issues encountered),Medium,"Why am I not able to access Customer Portal mobile application for staff mode? Why Can't I Access the Customer Portal Mobile App in Staff Mode? Explanation Staff mode for Customer Portal (MyRegus, MySpaces, My.HQ, BizDojo) is only available on desktop web browsers. It is not supported on the mobile application , as the mobile app is intended solely for customer use , not staff use. Centre staff must use the web version of the Customer Portal to access staff mode features. When Can Staff Use the Mobile App? If a centre team member has a personal membership accoun t created for their own use (not staff mode), they can log in to the mobile application-but only with that membership profile. Access Links for Staff Mode (Desktop Only) MyRegus - Regus Online Account MySpaces - Spaces Online Account MyHQ - HQ Online Account BizDojo - BizDojo Online Account Mobile Application Guide For instructions on using the Customer Portal mobile app, refer to: 👉 IT Help - Customer Portal | Mobile Apps Application Guide | ServiceNow",
KB0036773,How to deal with Double Retainer Button,Customer Support,Return of Retainer,[Retainers] Retainer issues,Medium,"How to deal with Double Retainer Button If a customer is having double retainer buttons on their Myregus account, like the below screenshot - These are just request of partial retainers that the customer did (this is how system was designed), and we show it here if the customer need to request new, they will be able to do it without any issue. For manually requesting for retainer, the client can enter this form - Retainer Refund Request.xlsx and then submit it to GSC AR Finance",
KB0024442,How to check Login Verification emails for clients on Application Insights,L1,Customer Portal (MyRegus),,Unmapped,"How to check Login Verification emails for clients on Application Insights Application / Service Customer Portal Description How to check Login Verification emails from Customer Portal L1 side, for clients on Azure Application Insights Instructions Login to App Insigt https://portal.azure.com Set resource on Proton-Prod Navigate to Transaction search. Into the search field enter email address which is facing the issue Set Local Time to Last 30 Days Click enter and all traces for the past 30 days will appear When the user is trying to reset their password, and they do not receive verification code, we should receive this trace ( wait 4-5 minutes ) Open Trace that we received, expend message that we received clicking on „ show more“ and verification code should be visible Copy Verification code from App Insight and paste it to the user.",
KB0032784,How do I escalate to GSC Support team?,Customer Support,Accounts & Companies,,Unmapped,"How do I escalate to GSC Support team? Please refer to the link below for the process regarding GSC Escalation: https://iwg.learn.link/content/5f9048a6ad634100100c9e72 To follow up on a previously submitted request or concern to GSC support teams: Step 1: Open the Escalation Matrix provided in the IWG Academy link. Step 2: Follow the appropriate levels of escalation, starting with Level 1. Step 3: If you do not receive a response within 24 hours, escalate your queries and concerns to the next level. NOTE: IT Support does not have access to tickets or requests raised for the GSC support team. Only IT Cases (CSxxxx.. tickets) should be escalated to the IT Support team.",
KB0037807,IWG Card - No Access to Coffee Services,Customer Support,IWG Card,,Unmapped,"IWG Card - No Access to Coffee Services No Access to Coffee Services is an issue related to using the IWG Card for consuming coffee/tea in the centres. If a Nayax machine does not provide coffee when the customer swipes their card, customers will raise a query to Community Teams, who will be responsible for providing the first support. There are several errors that a Nayax machine can display on the screen. Depending on the type of error, Community Teams will need to perform different actions: 1. Card blocked / Card does not exist: If the Nayax device displays a ""Card blocked"" or ""Card does not exist"" message when swiping the IWG Card, it means that the card is not being recognized. There are two possible causes: The IWG Card has not been activated in the customer's online account: Community Team must check the customer's card has been activated using staff mode. If not, ask the customer to activate it. Card activated by the customer has status ""Not active"" in Nayax portal: ensure that the customer trying to use the card does not have status ""Blocked"", ""Suspended"", ""Inactive"" or that their booking is active. Otherwise, the customer will not be able to use their card to consume coff",
KB0027655,How to fetch MAC Address usage report on Myregus ?,Customer Support,Device Registration,,Unmapped,"How to fetch MAC Address usage report on Myregus ? 1. Go to the client's account on Myregus, or ask the client to login to their account homepage. 2. Click on Account> Network Devices 3. Select the MAC Addresses for which the report needs to be generated 4. On the bottom of the page, press the button ""CREATE REPORT"" 5. Lastly, select the timeframe and the Usage type which needs to be included in the report, and click on ""CREATE REPORT"" button to download the data.",
KB0021061,Customer Portal | Lyreco website Issues,L1,Customer Portal (MyRegus),,Unmapped,"Customer Portal | Lyreco website Issues LYRECO WEBSITE CUSTOMER SUPPORT - This is a third party system, which is not supported by IWG IT team. The customer should contact Lyreco on phone numbers provided for specific countries - Lyreco Belgium : &#43;3243619923 Lyreco Switzerland : &#43;41800484484 Lyreco Denmark: &#43;4570100500",
KB0029042,Dynamics F&O | How to Resolve INT-AR-003/Error code: 19-17-21-18-0-.,L2,Dynamics F&O,,Unmapped,Dynamics F&O | How to Resolve INT-AR-003/Error code: 19-17-21-18-0-.,
KB0029266,AHD Team Guide: Customer Account and Booking Update,Customer Support,Payments,,Unmapped,"AHD Team Guide: Customer Account and Booking Update Summary Supports AHD in handling unresolved customer account and booking update requests after Aurora. Purpose Ensures AHD follows the correct process for account and booking update requests after Aurora and Help submission have been completed. Self-Help First (Customer Requirement) Confirm the customer has already: Used Aurora Chat Assist Submitted a case via the Help section AHD Ticket Handling: If the ticket requires assistance from the GSC team, assign it to GSC Care within CRM for further investigation. Required Details Customer email & company name Description of request Relevant account or booking details Supporting documents or screenshots (if applicable) What You Can Request Use this form to request for the following: Booking updates Member contact details (including Parent Account) Cloned account issues (deactivation or related concerns) Update of payment method (main or multi-country accounts) Account reconciliation (payments, allocation, unpaid invoices, statement of account / open invoices) Offsetting requests Resend welcome email Inactive or blocked accounts Add, amend, or remove services After You Submit GSC Team in",
KB0029043,Dynamics F&O | How to Resolve INT-AR-003/Error code: 20-1-25-1-.,L2,Dynamics F&O,,Unmapped,Dynamics F&O | How to Resolve INT-AR-003/Error code: 20-1-25-1-.,
KB0029047,Dynamics F&O | How to Resolve INT-AR-003/Error code: Blank,L2,Dynamics F&O,,Unmapped,Dynamics F&O | How to Resolve INT-AR-003/Error code: Blank,
KB0029045,Dynamics F&O | How to Resolve INT-AR-003/Error code: 25-1-.,L2,Dynamics F&O,,Unmapped,Dynamics F&O | How to Resolve INT-AR-003/Error code: 25-1-.,
KB0032438,How to amend upcoming renewal on Team Hub,End User,Process Enquiry,,Unmapped,"How to amend upcoming renewal on Team Hub Please follow the below steps to Amend upcoming renewal Preconditions: active booking with uploaded pricing Purpose: to amend the price, dates, number of occupants for the upcoming renewal - new booking has not been created yet Tier prices are not displayed for VO booking This is as designed, for now VO bookings are not showing tier prices, it will be released soon along with BS-810",
KB0023073,Customer Portal |Immediate/Monthly Charges for Copies and Clones,L1,Customer Portal (MyRegus),,Unmapped,"Customer Portal |Immediate/Monthly Charges for Copies and Clones Application / Service Titan/Customer Portal Details If there is an issue or a request to set any cloned or copied company on Monthly invoicing with Payment Method set to Payment Card - it is not allowed. Since all the copies and clones are created upon adding a new booking that is out of the OPS center. In this case the payment card has to be asked on Customer Portal to associate it with the short stay booking, and the card should be there until the checkout. Monthly card charges are only allowed for clients made an agreement with long term bookings. The staff is not allowed to set company’s payment card for copies and clones in Titan UI. The clients cannot set a card at a company level for copies and clones since those are not showing up on Customer Portal. Only parent company can be set on monthly charges. This is working as designed.",
KB0027823,Customers are unable to see companies due to login email on the contact being incorrect,L1,Customer Portal (MyRegus),,Unmapped,"Customers are unable to see companies due to login email on the contact being incorrect Application / Service Customer Portal Description Customers are unable to see companies due to login email on the contact being incorrect Instructions For issues where customers are unable to see/find correct accounts when they login into CP due to security email not being correct, there is a workaround which can be done to resolve the issue. For this KB we used the following example: CompanyID: 11004082 Contact name: Shigehiko Fujiwara Contact email: japan_ga@tdsynnex.com Security email: toshiya.takase@tdsynnex.com When they login with their login email japan_ga@tdsynnex.com they are unable to see Company 11004082 in the account switcher. This is because the contact in the company has a different login email than the one they are using. Searching for the company on CP we can see the following contact: Shigehiko Fujiwara Their contact email is japan_ga@tdsynnex.com but the security email is toshiya.takase@tdsynnex.com . So now when they login with their expected email (japan_ga@tdsynnex.com) they will not be able to access company 11004082 as their login email is different. To resolve this issue",
KB0019964,While cancelling booking Cancellation fee should be 100 % or not,L1,Customer Portal (MyRegus),,Unmapped,While cancelling booking Cancellation fee should be 100 % or not MST-40525 While cancelling booking Cancellation fee should be 100 % or not Cancelation policy takes in consideration only workdays User has option to cancel or amend booking which is regulated by cancellation policy: https://titanuat.regus.com/PublicFiles/Tnc/2057.pdf In addition there is a “fat finger” policy which allows the user to cancel any time up to 2 hours after making the booking without incurring any cancellation fees.,
KB0028043,Handling Registration Issues (Email or SMS OTP Failures),Customer Support,Login,,Unmapped,"Handling Registration Issues (Email or SMS OTP Failures) During the registration process for new or returning users, a one-time verification code (OTP) is sent to the user's email address and mobile phone number . This code must be entered to verify the user's identity and complete registration. If a user is not receiving the verification code via email , please follow the steps in: Customer Portal - Not Receiving Verification Emails If the issue persists after those steps , or if the user is not receiving SMS verification codes , escalate the case to IWG's tech team for manual registration and setup.Please note that email address and mobile phone number is mandatory. It is not possible to skip the mobile number registration/verification unless the user is part of the exception country list. ✅ When to Escalate Escalate the case if: The user cannot receive the OTP via email after troubleshooting , or The user cannot receive the OTP via SMS despite providing a valid mobile number In both cases, IWG can complete the registration manually and set the user's working verification method (email or phone) as the primary method . 📩 How to Raise a Service Request To guarantee a quick resolut",
KB0025378,How to add Centre in CSU DB,L1,Customer Portal (MyRegus),,Unmapped,"How to add Centre in CSU DB Application / Service CSU Description When Center is reporting that they are missing Access Card option under Quick Access that means Centre does not exist in CSU DB and needs to be added. ATTACHMENT: Add Center in CSU DB.docx Instructions <Provide numbered steps on how to accomplish the task> 1. Go to https://serviceusage.iwgplc.com/ 2. Login with IWG credentials 3. On the left side bar click on ""Centers"" 4. In the text box type only Centre number and click on ""Add Centers"" button 5. If Centre was missing and it was added, you will receive successful message 6. If Centre already exists in DB, you will get error message saying Centre already exists Additional Information <Add links to more resources such as a page in the product documentation, SharePoint sites, related knowledge article, or other customer applications>",
KB0029085,How to Resolve INT-AR-096/Error code: Blank,L2,Dynamics F&O,,Unmapped,How to Resolve INT-AR-096/Error code: Blank,
KB0019962,Changing E-mail address of the client on Titan or Customer Portal,L1,Customer Portal (MyRegus),,Unmapped,"Changing E-mail address of the client on Titan or Customer Portal If the client want to change their email address, they will not be able to change it on Customer Portal. If you will go to Titan>Clients>Client Search>Enter Company ID>Search Contact>Open the contact of the client, at the bottom of the page you will be able to see the e-mail section greyed out That is because Email can't be changed if account is linked to other accounts. To change the email address in Titan, firstly the accounts needs to be unlinked. Since we are from IT team we do not have an authority to amend client details (like linking, unlinking, deleting), so please advise the user to contact ACCOUNT HELPDESK team. ex - MST-41254 INC0197931 - There seems to be a glitch affecting random clients in the portal when trying to edit user details.",
KB0020210,Worldkey pin is not working (Client),L1,Customer Portal (MyRegus),,Unmapped,"Worldkey pin is not working (Client) Application / Service Customer Portal Description If the client is complaining that their World Key Pin is not working on their printer, then please follow these steps - Note: World Key Pin - a service to authenticate users to use the printing devices Instructions 1) Go to Quick Access 2) Try to Generate new pin and provide it to the user 3) If it doesn’t work create MST ticket with the error details and picture of error the client is getting on the printer.",
KB0037937,How to Register and Login on Customer Portal,L1,Customer Portal (MyRegus),,Unmapped,"How to Register and Login on Customer Portal Starting April 29, Registration and Login for Customer Portal has changed. Please follow guide below on how to assist users on account registration and login. Here's a step-by-step procedure on how to guide customers on how to register and log in on their account. IMPORTANT NOTE: Centre Team should verify the account of the customer if they are properly registered in the system or not. Please see below process on how to check: 1. On Staff Mode, please search the client via email address. See example below: 2. After searching for email address, please access the profile of the user and then click on the my profile section to validate the account. Then click on ""Your Profile"" 3. Afterwards, click on Security Preferences, 4. On this section, If you see this image below: This means that the customer has not been registered yet in Customer Portal. Follow the steps below to complete registration process: Registration Procedure - Please see Registration Journey Flow : Please guide the user to complete the account registration procedure. Register on Customer Portal by clicking on link : Register Link Once they typed their email address, please a",
KB0028855,How to resolve INT-AR-001/Error code: 29-1-,L2,Dynamics F&O,,Unmapped,How to resolve INT-AR-001/Error code: 29-1-,
KB0020809,How to find the devices / Mac address which is causing daily internet charges for the particular account,L1,Titan,,Unmapped,How to find the devices / Mac address which is causing daily internet charges for the particular account Login to Titan >>Search by account number>>Search by company Note the Home Centre Then click on Reports>>General Reports Under reports select >> Assigned IT services Usage Report File name should be entered as Report ID which shown on the screenshot After the entering the Report File name click on Run Report Once you click on Run Report an excel sheet will be downloaded in that you will have the All the assigned IT services related to the account. Provide this details to the client and resolve the issue,
KB0027219,Wrong name on Membership card on Myregus,L1,Customer Portal (MyRegus),,Unmapped,"Wrong name on Membership card on Myregus Application / Service Customer Portal Details If there is an issue, related to wrong name showing on Membership Card, and you can see the name of the client is not the same as it shows on membership card. Example - The account is for the client Chiara, but the Membership name is showing as Daniele. To check - 1) Go to Myregus staff mode, and open developer tools by clicking on Ctrl+Shift+I all together. 2) Go to Networks tab in Dev tool, and then open the account of Chiara 3) Go to Quick Access> Membership Card page 4) Go to the search bar present on Dev tool, and search for the membership number given on that membership card. 5) Check the response for the code ""nameOnCard"" under the Response button on Dev tool (Network tab) 6) If the name present is for Daniela (membership card name) that means, the membership was paid with a card with the name of Daniele Raina, and the name appears on the card with which the payment was made and not the name of the person who has assigned it. This is working as designed. Additional Information <Add links to more resources such as a page in the product documentation, SharePoint sites, related knowledge arti",
KB0034330,Worldpay Transaction Response Codes,L1,Customer Portal (MyRegus),[Payments - Credit Card] Autopayment not working for Credit Card Worldpay/Ingenico,Medium,Worldpay Transaction Response Codes Worldpay Transaction Response codes and response messages with their description are given below - Response Code Response Message Response Type Description 001 Transaction Received Info This is sent to acknowledge that the submitted transaction has been received. Note: This response applies only to V10.x versions of the API. 000 Approved Approved No action required. 010 Partially Approved Approved The authorized amount is less than the requested amount. 011 Offline Approval Approved Offline approval issued while the terminal is unable to communicate with the issuer. 013 Offline Approval (unable to go online) Approved Offline approval issued while the terminal is unable to communicate with the issuer. 100 Processing Network Unavailable Soft Decline There is a problem with the card or PINless Debit network. Contact the network for more information. 101 Issuer Unavailable Soft Decline There is a problem with the issuer network. Please contact the issuing bank. 102 Re-submit Transaction Soft Decline There is a temporary problem with your submission. Please re-submit the transaction. 103 Merchant not configured for processing at this site Soft Decline,
KB0029388,Amend upcoming renewal unavailable on TeamHub,L1,Team Hub,,Unmapped,"Amend upcoming renewal unavailable on TeamHub If the 'Amend upcoming renewal' is greyed out on TeamHub. Please check if the Notification Due Date is in the past and more than a month has passed from the Notification Due Date. If this is the case, the 'Amend upcoming renewal' on TeamHub will be unavailable to the User.",
KB0028725,How to Monitor INT-AR-001 in Dynamics F&O.,L2,Dynamics F&O,,Unmapped,How to Monitor INT-AR-001 in Dynamics F&O.,
KB0020668,Getting error while trying to add recurring Parking service in Team Hub,L1,Team Hub,,Unmapped,"Getting error while trying to add recurring Parking service in Team Hub Application / Service TeamHub Details 1. Contact selected as disabled the option ""Can Charge to Company Account"" in Titan Please check on Customer Portal to change the configuration 2. Customer is trying to add the service retroactively meaning that they are setting Start Date in the past. . Please check and compare the inventory availablity from the start date as it's often taken.",
KB0022683,Customer Portal | What to do when you get a Credit Card Error messages when paying the invoice?,L2,Segregation,,Unmapped,"Customer Portal | What to do when you get a Credit Card Error messages when paying the invoice? 2025/12/12: ABANDONED KB FROM THE OLD IT HELP. NO ACTION FROM OWNER. Application / Service Customer Portal Details When the client tries to pay their balance, in some cases they will be encountered with an error message on the screen. Please note that the error messages are popping up because of some issues in their Credit Card or Bank Account. Below are the Error messages, and the scenario when they can face these errors- Category Message Rejected by bank We are unable to process your payment. Please contact your bank for further information Wrong payment method We are unable to process your payment at this time. We apologise for the inconvenience, please make a payment using another payment method. The list of payment methods available to you is listed on your invoice under the section ""Ways to pay your Invoice"". Currently unable We are unable to process your payment at this time. We apologise for the inconvenience and are working to resolve the issue in the next 48 hours, please try again at that time",
KB0028957,This article outlines useful recommendations for identifying Titan issues.,L2,Titan,,Unmapped,This article outlines useful recommendations for identifying Titan issues.,
KB0027517,Customer Portal | Credit card issue | Expiry date of the card was updated in MyRegus but was not interfaced in the backend system,L2,Segregation,,Unmapped,"Customer Portal | Credit card issue | Expiry date of the card was updated in MyRegus but was not interfaced in the backend system 2025/12/12: ABANDONED KB FROM THE OLD IT HELP. NO ACTION FROM OWNER. Issue: When customers update their credit card with a new expiry date, the changes do not reflect in the backend system. Impact: This results in failed monthly autopay transactions for credit cards. Status: Our IT team sincerely regrets the inconvenience caused. The IT Development Team is actively working on a fix, which is expected to be implemented by March 17, 2025. Temporary Workaround: Until the fix is in place, we kindly request customers to re-register their credit card and set it as the default payment method to ensure successful autopay transactions. Thank you for your patience and understanding. How to register the credit card & set it as default payment: 1. Request the client to open their account and access manage payment method. 2. Advise the client to add a new card by clicking the ""Add Payment Method"" and fill in the required details. 3. Once the card is added update default pay under default payment preference by clicking on the ""down arrow"", icon and select the newly ad",
KB0027990,How can I check whether a MAC Address is registered to any account?,Customer Support,Device Registration,,Unmapped,"How can I check whether a MAC Address is registered to any account? How can I check whether a MAC Address is registered to any account? If the client is getting an issue while adding a MAC Address with error page stating that ""MAC Address is already registered"" then center team should go to Myregus staff mode and then search for the MAC Address on the below field- Then they will be able to see the account number where the MAC Address is already registered. To remove the MAC Address, please go to Account> Network Devices > Select the MAC Address> Remove Selected",
KB0026955,"Customer Portal | Changes in Payment Card Visibility | Related to Global Changes from BS-7835 (Nov. 23, 2024)",L2,Segregation,,Unmapped,"Customer Portal | Changes in Payment Card Visibility | Related to Global Changes from BS-7835 (Nov. 23, 2024) 2025/12/12: ABANDONED KB FROM THE OLD IT HELP. NO ACTION FROM OWNER. Application / Service Customer Portal - Payment Cards Details As part of the global scope in preparation for Payment Orchestration Platform (POP), customer will only be able to see and use cards they add themselves in the customer online account in Customer Portal. What action do customers need to do ? Customers who have recently used a card that they have not personally added to their online account have been identified and informed via central communication. If they wish to use the card, then they need to personally add it to their account. To add or use the card for bookings and invoices, customer to add it personally in the account by following the path below: Account > Billing & Payments > Manage Payment Methods > Add Payment Method IWG staff cannot register a card on behalf of the customer Customer must always perform a 3DS authentication during registration. For help concerning credit card registration and credit card payment issues, please follow this guide KB0026002 . What do centre team and suppo",
KB0028770,Inventory unavailable for customers but available for Staff,L1,Customer Portal (MyRegus),,Unmapped,"Inventory unavailable for customers but available for Staff If inventory is not visible on Customer Portals for customers/clients but Staff members are able to see it and make bookings for it please check the following: Open Titan UI > Admin > Inventory Admin. Select correct Centre and Inventory as on the example below: Under Availability section check if ""Can book on website"" option is enabled. If it is not, then this is a configuration issue. Inventory that do not have this option enabled will not be visible for clients on Customer Portal but Staff will still be able to see it and make bookings for them.",
KB0021006,Inventory not available for recurring parking service on Team Hub,L1,Team Hub,,Unmapped,"Inventory not available for recurring parking service on Team Hub Users is not able to add recurring parking service. Solution: L1 team must check the Centre Calendar to see if there is available space for the period given by the user. Also, make sure that the Centre is available on the selected Start Date while adding the service.",
KB0027965,Priority Internet Removal Issue in Customer Portal,L2,Segregation,,Unmapped,"Priority Internet Removal Issue in Customer Portal 2025/12/12: ABANDONED KB FROM THE OLD IT HELP. NO ACTION FROM OWNER. Summary This article explains what to do when the Priority Internet service cannot be removed via the Customer Portal due to a known issue. Purpose To ensure smooth customer support during a system issue where Priority Internet cannot be removed from a customer's account via the portal. This guide helps staff know how to proceed and escalate if needed. 1. Self-Help First Before logging a request: Try removing the Priority Internet service a second time, as it may succeed after a retry. Inform the customer that this is a known temporary issue. Confirm with the customer if the service is still visible or active after retrying. 2. How to Raise a Ticket Email Option: N/A - Please use Teamhub only for this process to ensure it reaches the correct team. Teamhub Option: Teamhub > Log a Task > Booking Correction Include the following: Customer name and account number Center code Screenshot showing the Priority Internet still present (if available)Confirmation that the removal was attempted twice 4. What You Can Request Manual removal of Priority Internet service due to po",
KB0020873,New user account registration on Customer Portal,L2,Segregation,,Unmapped,"New user account registration on Customer Portal 2025/12/12: ABANDONED KB FROM THE OLD IT HELP. NO ACTION FROM OWNER. Application / Service Customer Portal Details New user account registration - 1) User should click on register button through link www.myregus.com 2) Populate email address 3) Populate verification code received in their email inbox 4) After entering verification code, click on Continue button 5) If there is a pending invitation on the next page, - a) Click on ""Accept"" button to join the company b) Fill all the company details and then complete the registration process. c) Click on ""Skip to Login"" button to login to your account. 6) If it is a new account where company needs to be added - a) On Set up Company account page click on ""Join existing company"" b) Company Identifier set to Account number c) Populate account number of the company they want to join and click next d) Administrator of the company they want to join needs to accept their request through tab Team => Access requests Additional Information",
KB0025693,Event Management Alert Response - Proton - OOMA API Availability Alerts,L2,Event Management,,Unmapped,"Event Management Alert Response - Proton - OOMA API Availability Alerts Alert Name iwg-proton-we-prod-proton-appins-proton-ooma-telephony-provider-not-responding-count-5 Alert Description / Impact The alert listed above is triggered when the OOMA service being tested by the availability test fails or times out from 5 of the 7 Azure global test locations. OOMA is a VOIP service used by IWG to enable automated call answering for Virtual Office services. The availability test URL requests the extensions provisioned at a certain centre number and provides an API key in the headers of the request. OOMA provides no general health-check endpoint so this specific endpoint is called in order to check if OOMA's services are responding. If the OOMA cloud endpoints are generally out of service then this will impact the Customer Portal Call Answering KPIs (Provision, De-Provision, Manage and View) Runbook Steps Go to we-prod-proton-appins-proton | Availability and check the test iwg-proton-we-prod-proton-appins-proton-ooma-telephony-provider-not-responding-count-5 for drops in availability with no recovery. If the availability has not recovered then check the status of OOMA Voice API Service vi",
KB0036915,Adding a Credit Card to Company Payment Method in MyRegus,Customer Support,Payments,,Unmapped,"Adding a Credit Card to Company Payment Method in MyRegus Application / Service Customer Portal Description This is a guide on how to verify membership type in Customer Portal Instructions In Order to verify the membership type in Customer Portal. Please follow the following steps below. 1.In Myregus Staff Mode, Go to Account > Products and Services > Membership You should be able to see the membership that the customer is having. 2. Verify if the membership is a complimentary or Unlimited/ Prepaid Visits Type of Membership Example: This is a complimentary Membership : This is an Unlimited Membership type : If a customer reports that they have been charged for a booking, Always check the Membership Number. You can validate remaining usage in Customer Portal and on Teamhub as well. if everything is correct, but customer is being charged, please raise an IT ticket on Teamhub.",
KB0022780,Customer Portal | Company or Contact is Inactive on Titan,L1,Customer Portal (MyRegus),,Unmapped,"Customer Portal | Company or Contact is Inactive on Titan Application / Service Customer Portal & Titan Description If a specific Company or a contact is showing Inactive on Titan, the customer will not be able to access their account. And the account won't be visible on various apps like Customer Portal Staff Search. Please see the below screenshot for the scenario of Inactive Company/ contact - Instructions So for this issue, please reach out to Reinstatements team by logging in a ticket via - Home>All Catalogs> IWG One Helpdesk> Customer Operations Customer Operations - Service Portal (service-now.com) or you can also send an email to Reinstatements team on Reinstatements&#64;regus.com",
KB0023697,Customer Communication Tool Issues,L1,Service Desk SOP,,Unmapped,"Customer Communication Tool Issues Application / Service CCT Details When the L1 team is receiving any ticket related to CCT (Customer Communication Tool), we need to check if these details are included in the RITM- 1) Center Number 2) Email address of the Center staff or Center Email If these details are not in the Request, ask the user for these details and then raise a Service Request Please note that - The Affected Service for the Service Request should be CCT",
KB0032699,How can customers have admin rights?,Customer Support,Accounts & Companies,[Accounts and Companies] Contact already granted admin rights but still getting No Access error in CP,Medium,How can customers have admin rights? Application / Service Customer Portal Details For requests regarding adding Admin access to user they would require to have admins rights and in order to get Admin rights please reach out to GSC Titan Admins via GSC.TitanSupport@regus.com .,
KB0020213,Error when booking a room in Titan (inventory issue),L1,Titan,,Unmapped,"Error when booking a room in Titan (inventory issue) Application / Service Titan Details This article describes how to resolve issues where clients / staff are unable to make a booking for a specific room / inventory item ​​​ Error booking in Titan: Details: Server was unable to process request. ---> Divide by zero error encountered .​ This error is caused by Meeting Room in Titan having a Maximum Boardroom Capacity &#34;0&#34; (see below screenshot) To resolve this, IT Apps Engr should contact Global inventory Team < Global.Inventory&#64;regus.com > and have them update the inventory item (Meeting Room) Inventory Admin page > Inventory Name: 255 > Meeting Room tab > Maximum Board Room Capacity should not be zero ​",
KB0029034,How to Resolve INT-AR-003/Error code: Error code: 11-0-,L2,Dynamics F&O,,Unmapped,How to Resolve INT-AR-003/Error code: Error code: 11-0-,
KB0028958,How do you identify countries from the invoice provided.,L2,Titan,,Unmapped,How do you identify countries from the invoice provided.,
KB0037187,How do I get assistance on Enterprise Solutions accounts queries,Customer Support,Accounts & Companies,,Unmapped,"How do I get assistance on Enterprise Solutions accounts queries Summary : This article guides users if there are queries and concerns on enterprise solution customers which have On Demand, Pay-As-You-Go Accounts and Subscriptions accounts. Purpose : This article provides the correct path for assisting enterprise solution account queries and concerns. Instructions : Email to Enterprise Support at Enterprise.Support@iwgplc.com.",
KB0028402,Where can clients find their membership number?,Customer Support,Membership & Business Lounge,,Unmapped,"Where can clients find their membership number? Customer's online account is supported on the latest versions of all major internet browsers, including: Internet Explorer, MS Edge, Mozilla Firefox, Google Chrome and Safari. They can also download the app from App Store and Google Play. 1. Login to https://www.MyRegus.com or https://myspacesworks.com 2. Click on Accounts , Go to products and services then select Membership from the drop down 3. The Membership number will be shown on the next screen",
KB0029024,How to Resolve INT-AR-002/Error code: 4-0-,L2,Dynamics F&O,,Unmapped,How to Resolve INT-AR-002/Error code: 4-0-,
KB0037064,How to check Root accounts and differentiate Copy/Clones,Customer Support,Accounts & Companies,,Unmapped,"How to check Root accounts and differentiate Copy/Clones At glance, you can differentiate root and copy/clones as below- When you search for a contact via staff customer search with email, you will see all his companies details like below. The one highlighted are primary account and one with arrow is copied. Related copy/clones are consolidated under one primary account and are selectable together. When staff impersonate this or user logs in, he can switch between primary accounts only like below- Note - Please note that the drop-down list in an account will only show maximum 5 companies to switch. If there are more than 5 copied/ cloned companies in an account, please click on ""Manage company accounts"" and then you will be redirected to a page where all the linked accounts will be listed to toggle between those accounts. The client will be able to switch to their linked accounts from the list shown below.",
KB0036482,How To Validate if the Booking is not Checked-Out on Team Hub,End User,Process Enquiry,,Unmapped,"How To Validate if the Booking is not Checked-Out on Team Hub How To Validate if the Booking is not Checked-Out? If you receive a report from the Centre Daily Report that the Booking is not checked out, please validate it first on Teamhub before raising an IT Ticket. Please follow the instructions below: Go to Teamhub > Centre and then Select The Centre Number of the impacted Booking then click Continue Once you have selected the Centre, select Meeting room Calendar For you to check the booking, please filter out the calendar and select weekly/monthly ( depending on your preference) Once done, select the booking that is shown on the Centre Daily Report Here you can see the booking, then press on Details Once you clicked on Details, you should see the status of the booking. a. If you see the Booking Status is Checked Out, You don't need to do anything, you may disregard the centre daily report. b. If you see the Booking Status is Not Checked Out, (confirmed, checked-in), please report this to IT by providing the booking reference when reporting a ticket to IT",
KB0029068,Backup of Books of Accounts & Financial Data (India Compliance) - BS-7843,L1,Service Desk SOP,,Unmapped,"Backup of Books of Accounts & Financial Data (India Compliance) - BS-7843 Summary This article helps IT L1 Support understand and support India's legal requirement for daily backups and local storage of financial and accounting data. Purpose India's Companies Act, 2013 requires that all books of accounts and related financial records be accessible and backed up on servers physically located in India. This includes data from systems such as SUN, Titan, and Dynamics F&O. Failure to comply can result in financial penalties, audit qualifications, and legal consequences for directors. IT L1 Support plays a key role in: Identifying backup or access issues Answering basic compliance-related questions Routing incidents or requests to the correct IT teams Self-Help First (Before Raising a Ticket) IT L1 should first verify the following: Confirm which system the issue relates to (SUN, Titan, Dynamics F&O). Check if the issue is: Backup not running Data not accessible in India Report or file not readable (PDF, report, export) Confirm whether the request is: Information-only (audit question) Incident (backup failure) Service request (new report, access, or clarification) Review existing docume",
KB0037791,Client has unlimited day office visit but still got charged for the booking,End User,Process Enquiry,,Unmapped,"Client has unlimited day office visit but still got charged for the booking Issue A client with an unlimited day office visit plan was incorrectly charged for a booking. Cause This issue occurs when the room for a Day Office (DO) booking is changed in TeamHub without selecting the correct pricing override options. Resolution Centre teams need to make it as Centre Initiated. Make sure to check the box "" Override price"" in order for free visit price to be applied. Click Save Updates. By following this process, the booking will correctly reflect no charge for clients with unlimited day office access.",
KB0029394,Customer Portal | Billing frequency updated for the account,L1,Customer Portal (MyRegus),,Unmapped,"Customer Portal | Billing frequency updated for the account Introduction: Clients may report that their billing preference in the MyRegus portal suddenly changes (e.g., from monthly to 4‑monthly) without their action. This situation can be traced by reviewing the booking and amendment logs in Titan. If the log entry shows Titan TeamworksEventProcessor , it indicates the change was initiated via the Customer Portal (by staff or the client), not by the system itself. Instruction Step‑by‑Step on How to Troubleshoot Such Situation: Access Titan Reservation Search Go to Titan > Reservation Search . Enter the relevant booking reference. Navigate to Booking Section Open the booking details. Go to Inventory Sale > Amendments Made . Review Amendment Logs Check the log entries for changes in billing preference. Identify the source of the amendment. Check Event Processor If the log shows Titan TeamworksEventProcessor , this confirms the change was initiated via the Customer Portal . Clarify that this means the action was performed by either the client or centre staff, not automatically by the system. Resolution Path Inform the client that the system is working as designed. Advise them to revi",
KB0037664,Protecting  customer personally identifiable information on Myregus,End User,Process Enquiry,,Unmapped,"Protecting customer personally identifiable information on Myregus The solution is to protect customer personally identifiable information and make it difficult for staff to accidentally or deliberately download a full list of clients. A mass data breach can result in a fine of up to 4% of annual global revenue Changes introduced in Customer Portal: Emails will be masked in staff mode advanced search Clicking on email will reveal it and button ""Copy"" will appear Clicking on ""Copy"" button will copy email to clipboard When downloading Team Report through staff mode all emails will be masked If customer downloads Team Report emails will not be masked",
KB0037019,How to setup Call Divert on Customer Portal,Customer Support,Products & Services,,Unmapped,"How to setup Call Divert on Customer Portal The call Divert feature is displayed in the profile section on the IWG customer portal if the account is eligible for this feature. To be eligible for this feature you need to have Company with LTO/VO product type Centre of the company needs to be eligible for call divert feature Company needs to have ongoing LTO/VO booking on the account PIN and extension should be assigned to company via CallStream portal 1) ​​​​​​​​​​​​​​​​​​​​​​After all preconditions for activating call divert are fulfilled (assigned pin and extension via CallStream, ongoing LTO/VO booking), navigate to Profile section on IWG customer portal. Call divert option should appear in side menu. 2) Open Call divert section and select Add call divert CTA. 3) Flyout for Activation of Call divert is opened. Enter pin and extension added to this company via CallStream portal. Centre name will be preselected in Your location dropdown. After entering pin and extension select Activate button. 4) ​Set up your call divert numbers is displayed as second step of the activation process. In this step number added (if added) via CallStream will be displayed and will be preselected, in th",
KB0037161,How to Change a Virtual Office (VO) Product to an Office or a Different VO Type,Customer Support,Booking,,Unmapped,"How to Change a Virtual Office (VO) Product to an Office or a Different VO Type Summary This guide explains how to change a Virtual Office product to an Office product (either mid-term or at renewal), or switch between different types of VO products. Purpose To assist centre teams in making product changes accurately and through the correct Teamhub process, while also knowing how to escalate in case of delays or errors. 1. Self-Help First Review the customer's agreement terms and renewal status. Confirm customer approval and eligibility for the product change. Ensure the new product is available and appropriate. Consult the IWG Academy Agreement Process Guide for requirements. 2. IWG Academy Links Agreement Process Guide - IWG Academy GSC Escalation Process - IWG Academy 3. How to Raise a Request A. Change from VO to Office (Mid-Term): Go to: Teamhub > Company > Amend Agreement > Change Product B. Change from VO to Office (Upon Renewal): Go to: Teamhub > Company > Amend Agreement > Change Product C. Change from VO to Another VO Type: Go to: Teamhub > Company > Amend Agreement > Upgrade / Downgrade Product Note: Escalate to GSC Support if the request is delayed or unresolved. 4. Wha",
KB0032430,Cannot receive holiday requests for approval on Team Hub,End User,Process Enquiry,,Unmapped,"Cannot receive holiday requests for approval on Team Hub Overview TeamHub does not currently have a holiday approval feature for managers. The system only supports submitting holiday requests. Approving holiday requests is not possible within TeamHub at this time. Frequently Asked Question Q: Can I approve holiday requests for my team in TeamHub? A: No. TeamHub currently only allows users to submit holiday requests. There is no approval feature available for managers within the application. If you need to manage or approve holiday requests, this will need to be handled outside of TeamHub using your organisation's standard process for leave approval.",
KB0019759,Change or cancel a booking,L1,Titan,,Unmapped,"Change or cancel a booking Application / Service Titan Description Change or cancel a booking Instructions Please raise a new incident by following below steps ,so that we can assist you further on billing requests Access the below snow link to raise a service request to support team. https://support.iwgplc.com/sp?id=sc_cat_item&sys_id=b84626e687788190a310baaabbbb35b0&sysparm_category=e8723e45870b0150ed48620c8bbb3564",
KB0038298,How to view tickets or tasks in TeamHub,End User,Ticket Viewing and Access,,Unmapped,"How to view tickets or tasks in TeamHub Instructions: Open TeamHub: Search the centre you need and click on continue: Once there, open the ""View all tickets"" options: The first tab will show you the Centre Tasks. Some tasks are open, others are closed, so you must navigate through the application in order to find the account you need. You can also check the ""Tasks with other teams"" tab: Some cases are open, others are closed, so you must navigate through the application to find the account you need. Open the account: You will see a preview that shows categories and subcategories so you can identify the case you are looking for: You can click and open it if you need more information:",
KB0024695,How To Check Rejection Reason For Credit Card_WORLDPAY,L1,Customer Portal (MyRegus),,Unmapped,How To Check Rejection Reason For Credit Card_WORLDPAY Application / Service Customer Portal | Payment Service Provider (PSP) Portal for Worldpay Description This article can be used to check the following issues for the specific payment provider: 1. Unable to make card payment. 2. Unable to add card. 3. Autopayment not working. IMPORTANT NOTE FOR L1: Here is the summary of the general/common errors obtained and what can be done next by L1 team based on the error/rejection reason identified in the PSP Portal. ERROR MESSAGE STEPS L1 CAN DO Insufficient Funds L1 can share the error message to the requester Authorization amount has already been depleted L1 to advise to contact their bank / redirect users to contact GSC for further assistance Exceeds Approval Amount Limit L1 can share the error message to the requester Fraud/Security L1 to advise to contact their bank / redirect users to contact GSC for further assistance Invalid or expired card; contact cardholder to update L1 can share the error message to the requester Incremented auth exceeds max transaction amount L1 can share the error message to the requester Pickup card - Other than Lost/Stolen L1 to advise to contact their ban,
KB0028501,Unable to Remove Service from Customer Portal – Troubleshooting Guide,L2,Customer Portal (MyRegus),[XC (Product and Services)] Unable to remove service from Portal,Medium,"Unable to Remove Service from Customer Portal – Troubleshooting Guide Unable to Remove Service from Customer Portal - Troubleshooting Guide Summary: This KB explains the issue where customers or staff are unable to successfully remove certain services (e.g. Unlimited Coffee & Tea, Priority Internet) from the Customer Portal. It outlines root causes, investigation steps, and current defect status. 📌 Issue Overview Problem: When attempting to remove a service via Customer Portal: Users receive a confirmation: ""Request has been received."" Service disappears temporarily. Within minutes, it reappears with a new Service Sale ID. 🛠 Affected Services * Unlimited Coffee & Tea * Priority Internet ⚠️ Root Cause & Status * Initially suspected as a Titan system issue. * Investigation revealed the root cause lies on CP (Customer Portal) side. * Defect fix is under QA, with expected deployment in the next release. 🔎 Current Behavior (Pre-Fix) 1. Remove Service Action: * User navigates to Products & Services &rarr; clicks Remove &rarr; confirms deletion. 2. System Response: Displays ""Request completed."" * Creates an CEN task for Center Teams (visible in Team Hub). 3. Unexpected Outcome: * Service",
KB0032859,Customer Portal | What if the client is unable to view invoices/Statement of Account (SOA)?,Customer Support,Invoicing,,Unmapped,"Customer Portal | What if the client is unable to view invoices/Statement of Account (SOA)? There might be some cases where the client is unable to view their invoices or Statement of Account. Types of invoice issues, the client can receive on Myregus portal are as follows - 1) Specific Invoices not visible while searching, or invoice list not showing - OR In these cases, please click on CLEAR FILTERS option, which is given on right top corner of the invoice menu. The invoices with all the dates will appear on the screen.. 2) If the client is not able to see the full SOA or they are not getting correct starting and ending balance on Myregus. In this case, please repeat the same steps, click on CLEAR FILTERS and then download the SOA in desired format.",
KB0027063,Unable to login to Customer Portal due to account being blocked,L1,Customer Portal (MyRegus),"[Login] Client unable to log in (account not verified, suspended, locked)",Medium,"Unable to login to Customer Portal due to account being blocked Application / Service Customer Portals Details Users are trying to login to Customer Portals but they are unable to and in the end they get their account blocked due to too many failed attempts. We have noticed an increasing amount of users trying to login with incorrect email. Login email of the users is found under Your Profile > Security Preferences > Email Address (Primary): Changing contact email address does not mean they are changing their login mail for that account. Login mail remains the same and it can be found under security preferences as primary email. This can be changed only by user, and they need to have access to both current mail and update mail as they will receive verification codes on mails in order to change it. Doing a mock update will not help in these cases. In case customers do not have access to their security email and they would like to change it, written request from the customer needs to be provided in order for IAM team to change it manually. We need to make sure which email users are trying to login with and confirm it's the same one as under Security Preferences in their Profile. Cont",
KB0019720,There is an error on myregus where we IWG removed clients debit credit cards,L1,Customer Portal (MyRegus),,Unmapped,"There is an error on myregus where we IWG removed clients debit credit cards There is an error on myregus where we IWG removed clients debit credit cards. Clients have now reloaded payment methods, but myregus is not up Solution - When we do not know if Invoice was paid or not ticket needs to be open with GSC AR first Ex: MST-39893 INC0179473",
KB0022133,Payment method uploaded but automatically removed from account,L1,Customer Portal (MyRegus),,Unmapped,"Payment method uploaded but automatically removed from account If the Payment method has been uploaded but it is automatically removed from account, then the scenarios will be - The client had an active Direct Debit card on the Portal. The Direct Debit card has been removed and the client is asking why it was removed. Suggested steps: • Check Titan first. If it says that Company is suspended: • Then check the “Invoice Terms” and if they are currently on Bank Transfer: • And check if the Direct Debit card status is &#34;Inactive&#34;: • Then tell the client that it is As Designed and send a screenshot as proof, with a comment: “When a company is suspended the company Payment terms are updated. If the client pays by Direct Debit card, the Payment term is changed to Bank Transfer. Changing the Payment method from Direct Debit to Bank Transfer upon suspension is expected behavior.” • If any conditions from above are not met, please raise an MST. Note - They are blocked and only can use bank transfer. Usually, inquiries are “Who removed payment from the account”. If it Is blocked this is how system force them to use bank transfer.",
KB0028810,How to Reset IWG Card on Staff Mode,Centre Support,IWG Card,[Login] Error while logging in to Myregus staff mode (different issues encountered),Medium,"How to Reset IWG Card on Staff Mode IWG Cards Reset (Unassign) (in staff mode) IWG Cards are reusable. They can be manually reset (unassigned) or it may happen automatically following the card's status. Please note, best practice is to use New cards first, and once the stock is depleted, use the cards that have been reset. Customers should self-activate their IWG Card on their online account. Automatic reset Cards reset automatically when: A booking ends A company is inactive A contact is inactive Once unassigned (reset), all services are deprovisioned (Access Control Application (ACA), HP/Canon printing, coffee machine (Nayax) and ATM kiosk). No action from the Community Team needed. The card will not appear in search results in the online account as it is not assigned to anyone. Lost cards do not auto reset. Manual reset (any old cards in good condition pre-September 2025) Community Teams also have the option to manually unassign a card from a contact in Staff Mode. For example this feature can be used when a customer leaves before their booking ends, or when you have previous card assigned to a customer on the online account before the September 2025 reset automation. Steps to m",
KB0019959,Free Community Meeting Room is not available after 4pm,L1,Customer Portal (MyRegus),,Unmapped,"Free Community Meeting Room is not available after 4pm If the client is complaining that they are not able to book the Inventory for more hours or after a selected time period, then it will be because of the centre operational hours. This location’s operational hours are 8.30 AM to 5 PM. As per screenshot, this is selectable till 5 PM and not 4 PM. So free CMR can be availed during operational hours of center only, this is working as designed. Ex - MST-41371 INC0198381 - Free Community Meeting Room is not available after 4pm",
KB0028457,How to Deactivate IWG/Coffee Card which is Added in Client's account,Customer Support,IWG Card,,Unmapped,"How to Deactivate IWG/Coffee Card which is Added in Client's account IWG Card Deactivation / Lost IWG Cards IWG Cards can be manually deactivated (only when a customer loses their card) by clicking the ""Mark as lost"" button in the Access Card section of the online account. Customers or Community Teams using staff mode can deactivate the cards. The steps to deactivate an IWG Card are the following: In the Quick access > IWG Card section, press ""Mark as lost"": 2. Confirm in the pop up message below: A deactivation message will appear on the screen while the card is being deactivated: Once the card is successfully deactivated, the customer will be able to add a new card in their profile. NOTE: (Please note that once the card is marked as lost then client's will be charged so in this case For any issues related to charges please reach out to GSC Billings team Via Teamhub as they are the correct ones who will assist regarding charges issue please follow the pathway attached below to reach out to Regional/GSC billings team) Path to contact regional Billing team GSC Billing Credit Team hub > company>previous invoice>select invoice> credit",
KB0025579,Call Answering Tab number is showing wrong,L1,Customer Portal (MyRegus),,Unmapped,"Call Answering Tab number is showing wrong Application / Service Customer Portal Issue Symptoms / Error Call Answering Tab number is showing wrong Resolution If a user is reporting issues with Call Answering tab phone number not being correct as from the example below: Please follow the steps: 1. Open Titan and navigate to Admin > Centre Admin 2. Find &#34;Contacts&#34; label and check the phone number: If it's matching CP everything is working as desgined and if users would like to change it, they will have to reach out to Titan Admins team. Additional Information <Add links to more resources such as a page in the product documentation, SharePoint sites, related knowledge article, or other customer applications>",
KB0037131,Unable to Add and Edit Contact Details on Team Hub,End User,Process Enquiry,,Unmapped,"Unable to Add and Edit Contact Details on Team Hub Since release of BS-8097- Disable the Add / Edit Company & Contact functionalities in TeamHub. Centre Teams are no longer allowed to create contacts / edit contacts directly in TeamHub. If you need further support: Please follow steps below : Customers can easily keep their company and contact information up to date via their online account. Teams can support them via staff mod : Account > Company details > Edit Company details.​ ​ New or walk-in customers should self-register via the online account here .​ ​ As they can no longer add a new company, for &lsquo;Parking Only - Monthly' customers, they can send an email to global.billing@regus.com for account set up.​ ( there are not many of these and we ill update the Parking Guide / KB FAQ)",
KB0020960,Cerebro,L1,Customer Portal (MyRegus),,Unmapped,"Cerebro 1.1.1 Cerebro Note it is not expected that L1 support team has Cerebro access, but it has been included for reference. Cerebro is expected to only be used while the call answering self-service capability in Customer Portal is enabled. Regardless it is important to have an understanding To check if self service capabilities are switched on for a Business Centre follow the following process: Open “Cerebro” https://cerebro.iwgplc.com/ (need to be on VPN) Select “OOMA centres” Identify the column “CCA Enabled” Centres that are ticked “v” means Self Service Capability is switched on",
KB0020958,How to check if Call Answering service is active,L1,Customer Portal (MyRegus),,Unmapped,"How to check if Call Answering service is active 1.1.1 Customer Portal Customer Portal can be used to check if the customer has the Call Answering service active, if the phone number was assigned, Contact/company information or if the phone number was deprovisioned. The following describes how by accessing Customer Portal in staff mode with IWG credentials a user can: 1.Check if the Call Answering Service is active For Office customers the Call Answering Service will appear in Customer Account->Products and Services->Workspaces and Services->Services For Virtual Office customers the Standard Call Answering Service is included in the Virtual Office Product and will appear in Customer Account->Products and Services->Workspaces and Services->Virtual Office. Note: If the Virtual Office Customer upgrades to Call Answering Premium, the service will be visible as for Office customers (VO Premium Call Answering service). 2.Check that the Call answering Welcome email has been recieved When the call answering service is automatically setup and an email will be sent to the customer. Example of the email: The email will also be stored in the customer’s efile account which you can access via st",
KB0020669,Unable to change the end time for a meeting room nor to check out in Team Hub,L1,Team Hub,,Unmapped,Unable to change the end time for a meeting room nor to check out in Team Hub Application / Service TeamHub Details Booking has extra Extra Time Fees,
KB0020959,Ooma,L1,Customer Portal (MyRegus),[XC (Product and Services)] OOMA issues with DID,Medium,"Ooma 1.1.1 Ooma To check in Ooma if phone number is provisioned/deprovisioned, company and contact information is updated according to Customer Portal, follow these steps: Access Ooma Portal - https://office.ooma.com/regus/center-manager Login using your IWG email. Password to be provided by Ooma"" Search for the customer (by name or Titan ID) Mapping between Customer Portal and Ooma This mapping depicts the fields that are in Customer Portal call answering self-service and then in the Ooma user interface. It is important to note that for a centre that has customer portal self-service activated all fields should be updated there except for &lsquo;Instructions' (which does not appear in customer portal, hence why it is not in the below table). Field number Name Visible in Customer Portal Visible in Ooma Notes 1 Customer name and Titan id Yes Yes 2 Type of service Yes No 3 Phone number (DDI) Yes Yes 4 Greeting Yes Yes 5 Company description Yes Yes 6 Website Yes Yes 7 Centre name Yes Yes 8 Contact name Yes Yes 9 Call handling status Yes Yes Different names between CP and Ooma: Call forwarding and screening = Warm Transfer Direct call forwarding = Cold Transfer Call forwarding to voicem",
KB0019997,Customer Portal Run book,L1,Customer Portal (MyRegus),,Unmapped,Customer Portal Run book Please find the Customer Portal Run book Version V1.1,
KB0032211,Manual Payment Method for Direct Debit,Customer Support,Payments,,Unmapped,"Manual Payment Method for Direct Debit Direct Debit can only be set as the default payment method and will be used for automatic monthly payment collection, which takes place on the 18th of each month. If there is a requirement to manually process an invoice using Direct Debit, assistance from GSC Billing is required. For any issues related to Direct Debit payments, the customer should open a ticket with the CAM Team for further assistance. Please ask the customer to open a ticket to Online Help",
KB0028843,How to resolve INT-AR-001/Error code: 13-21-17-23-18-2-,L2,Dynamics F&O,,Unmapped,How to resolve INT-AR-001/Error code: 13-21-17-23-18-2-,
KB0025524,Provisional vs Confirmed Booking,L1,Customer Portal (MyRegus),,Unmapped,"Provisional vs Confirmed Booking Application / Service Customer Portal/ Titan Details Any booking within out of hours should be created as provisional unless the team confirms those out of center working hours. There is the appropriate checkbox per Short-Term Booking products i.e. Meeting Room, Day Office and Day Campus under the Business Rules which manages that behavior. The time to consider is the closing time of the centre, some centres close at 18h, some close at 17h. If the flag is ON the booking will be ‘confirmed’, if the flag is OFF the booking will be ‘provisional’. This logic is valid for bookings that start in-hours and end out-of-hours. This configuration applies to everyone. The condition is that a booking must start in-hours (customer must be checked-in) and finish out of hours, (customer leaves the center and the system will auto check-out and raise invoice). Bank Holidays Also, there is the Bookable check box available under Public Holidays screen. A guest customer is not a resident customer, therefore assuming the bookable flag is ON, the booking should still be provisional. If the flag is OFF, anyone should be unable to book. From FR3 of the spec: “Only resident",
KB0029519,How to Request Access to Dynamics F&O,End User,Access Request,,Unmapped,How to Request Access to Dynamics F&O,
KB0028844,How to resolve INT-AR-001/Error code: 25-1-,L2,Dynamics F&O,,Unmapped,How to resolve INT-AR-001/Error code: 25-1-,
KB0028842,How to resolve INT-AR-001/Error code: 20-1-27-1-,L2,Dynamics F&O,,Unmapped,How to resolve INT-AR-001/Error code: 20-1-27-1-,
KB0037182,"How do I request the billing, provisioning, change or termination of network services for customers",Customer Support,Products & Services,,Unmapped,"How do I request the billing, provisioning, change or termination of network services for customers Summary : This article guides users on how to request the following actions on customer network services: Billing IT Services to client Provisioning IT Services Change on IT services Termination of IT Services Purpose : The purpose of this article is to guide users on the correct path to open a ticket to request for billing, provisioning, change and termination of IT or network services. Instructions : Go to Teamhub > Help > Raise Support Requests > Technology and Systems > Request a service > Connectivity requests > Customer Network Services. Follow steps under https://iwg.learn.link/content/5f9048a6ad634100100c9e72 on how to escalate the task to GSC Support team.",
KB0032084,Customer Portal | Activation/deactivation and increase of coffee card limit for IWG Card,L2,Segregation,,Unmapped,"Customer Portal | Activation/deactivation and increase of coffee card limit for IWG Card 2025/12/12: ABANDONED KB FROM THE OLD IT HELP. NO ACTION FROM OWNER. Please reach out the GSC IWG CARD team for activating/deactivation IWG Cards for Centre Teams or increase of coffee card limit, Access the below link to raise a new service request to GSC IWG CARD team. ServiceNow portal link: https://iwgprod.service-now.com/sp?id=sc_cat_item&sys_id=a0bed1298732c110ed48620c8bbb359f&sysparm_category=85bc73731b887c10f4eb639ce54bcbc8 TeamHub: You need to access ""Help"" section on TeamHub, then follow the next path to enter the IWG Cards ticket: Raise Support Requests > Technology and Systems > Request a service > Centre Technology requests > IWG Card request. And then, in Select Option field select the appropriate request (Community team coffee card activation, Increase coffee limit or coffee service deactivation) For clients and staff to increase the limit of coffee usage they need to contact GSC IWG card team",
KB0037203,How do I request for customer eviction (US and Israel countries only),Customer Support,Accounts & Companies,,Unmapped,"How do I request for customer eviction (US and Israel countries only) Summary : This article guides centre teams how to request customer eviction, for US and Israel only, with balance that remains unpaid and has not left the office. Purpose : This article provides the correct path on how to request an eviction for customer in US and Israel with unpaid balance and has not left the office yet. Instructions : Centre team should provide the answers to the following questions: Do you have a payment arrangement or payment pending with this client? Is this client still in the center, and are they still using our services? (provide Afterhours Log) The date the client last used our services? How often do they come into the office? When was the last time they were in the office? Does the client have any unresolved billing disputes for which they may or may not be working with the Account Helpdesk to resolve? Should eviction proceedings begin? Yes or No. If yes, please provide the original signed agreement of the client. We need the document with the client's signature and addendum if there is any. If all the required answers are obtained, log a task in Teamhub > Raise Support request > Custo",
KB0037200,How do I request for service suspension of a customer,Customer Support,Accounts & Companies,,Unmapped,How do I request for service suspension of a customer Summary : This article guides users on how to request the suspension of a customer account. Purpose : This article provides the correct path to request the suspension of the account or services for a customer via TeamHub. Instructions : Centre team to check first that customer account has unpaid overdue invoices. Go to Teamhub > Raise Support request > Customer Operations > Collections Request > Customer > Company Name > Type of Request > Services Suspension > Description. Follow steps under https://iwg.learn.link/content/5f9048a6ad634100100c9e72 on how to escalate the request to GSC Support team,
KB0028685,Unable to book TimeOff through TeamHub for Netherlands,L1,Team Hub,,Unmapped,Unable to book TimeOff through TeamHub for Netherlands In case user reports issues with TeamHub where they are unable to book time off like on the screenshot bellow: Please check if the location of the user is Netherlands as they do not use PSHR for vacation entitlements and therefore they are unable to use TeamHub for the same. This is working as designed.,
KB0029514,Titan: Unable to Move a Booking After the Booking End Date Has Passed,L1,Customer Portal (MyRegus),,Unmapped,"Titan: Unable to Move a Booking After the Booking End Date Has Passed Issue When a workstation is being re-terminated, any bookings still attached to it must first be moved elsewhere. If the booking you are trying to move has already ended, the move fails in one of two ways: Selecting Move Entire Booking returns an error stating that the last booking date is still the booking's original end date. Changing the Last Booking Date to a later date returns the error ""Internal move must fall between booking period."" This most often appears where two bookings run back to back on the same workstation, with the earlier booking ending one day and the replacement booking starting the very next day. Cause Two separate system rules are being applied, and on a booking that has already ended both of them block the move. Move Entire Booking is only available while a booking is still running. The system checks whether today's date is past the booking's end date. If it is, the option is closed off, and no combination of dates entered on the move screen will re-open it. A standard internal move must take place inside the booking period. The move date has to fall on or between the booking's start and e",
KB0021019,If the Customer is unable to see Priority Internet in Customer Portal,L1,Customer Portal (MyRegus),,Unmapped,"If the Customer is unable to see Priority Internet in Customer Portal What we need to check if the customer is unable to see Priority Internet in Customer Portal: a. User must have admin role assigned b. User must have some of the following services(Wi-fi - ASPAC, High Security Private Network, Bundle - HSPN/OOMA Business phone, Priority Internet) On Titan, go to Services> Daily Sales and then enter the Center name, customer name and Booking c. Must be in the center eligible for the Priority Internet - Please go to this link https://iwg.learn.link/content/646ce3c2e245901474e4fafc and click on the picture to download the list of enabled centres in Priority Internet d. Bundles which have the Priority Internet included and the listed countries - Singapore, Thailand, Sweden ⁃ Business Essential Package 1.0 ⁃ Collaboration Package France and Germany - Business Essential Package 1.1 Australia, Finland, Norway, Denmark ⁃ Business Essential Package 2.0 ⁃ Business Essential Lite All of these packages have PI service inside the bundles",
KB0027789,Booking price is incorrect in Customer Portal,L1,Customer Portal (MyRegus),,Unmapped,"Booking price is incorrect in Customer Portal Application / Service Customer Portal Details Booking price is incorrect in Customer Portal This is an as designed case.When the inventory sale DB table is populated, processor takes maximum price for particular sale. Additional Information",
KB0032905,How to register a customer's device to get internet connection?,Customer Support,Device Registration,,Unmapped,"How to register a customer's device to get internet connection? Instructions 1- Login to MyRegus staff mode https://www.myregus.com/#/staff 2 - Click on the Accounts tab then select Network Devices 3 - Click on ADD DEVICE 4 - Enter the required information then click on ADD DEVICE. This may take 5 minutes for the changes to reflect. Note #1: Please ask the client to remove and reconnect the internet cable 5 minutes after registration. Try again after 5 minutes if it did not work the first time. Note #2: Make sure that MAC address is not randomized. Note #3: I f a user in a company of i.e. 100 employees is the one who assigned MAC addresses to other users and if his account is deleted, it wont affect other network devices that he assigned, only the ones that were assigned to him. Everyone else will keep their devices assigned. Note #4: It is not possible to do a bulk update/ addition of MAC Addresses in the system due to system limitation",
KB0028931,How to monitor INT-AR-002 in Dynamics F&O,L2,Dynamics F&O,,Unmapped,How to monitor INT-AR-002 in Dynamics F&O,
KB0032897,How To Contact GSC Titan Admin Support,Customer Support,Accounts & Companies,,Unmapped,"How To Contact GSC Titan Admin Support How the user can reach out to GSC Titan Admin Team - If the Center team/ client is facing an access issue to Titan, or any changes need to be made in Titan bookings, center details, survey emails, changing prices, invoice template, etc then they need to reach out to GSC Titan Admin Team for further assistance. To contact GSC Titan Admin team, you can log a ticket using this link - Update Centre Details - Service Portal (service-now.com) Or you can follow the Escalation Matrix from this link - Documents - GSC Escalation Matrix - All Documents (sharepoint.com)",
KB0019954,SOA showing statement for 2 accounts,L1,Customer Portal (MyRegus),,Unmapped,"SOA showing statement for 2 accounts If SOA is showing balance and statements for 2 accounts - It is As Designed that Portal Balance show totals of all accounts and downloaded SOA show each account separately. Cloned and copied companies are not visible on IWG Customer Portal, for Customer they are consolidated within main account and all the billing and business is run via main account. Each cloned or copied company get it’s own Company ID and all the details, besides Centre, gets translated from the main company. Consolidate invoices are visible on one SOA Ex - MST-41942 INC0204422 - SOA showing statement for 2 accounts",
KB0029317,INT-AR-009 Payment Integration Issues – KT Insights and Troubleshooting Guide,L2,Dynamics F&O,,Unmapped,"INT-AR-009 Payment Integration Issues – KT Insights and Troubleshooting Guide KT Insight: INT-AR-009 Credit card payments Titan to F&O (via ESB). This integration is an inbound integration designed to handle inbound payment data from Titan (Payment Requests) through DFI (middleware) into D365FO . (Data stored in Titan is being pulled by DFI and send it to D365FO.) In this integration flow: Titan serves as the source system where the original credit card payment data is generated or maintained. The DFI (Data Flow Integration) layer acts as the middleware, responsible for extracting payment data from Titan and pushing it into D365FO . Validation rule (DFI) : Whenever a new payment is made for an invoice, DFI picks up the new data with a transaction status that is marked as Complete and send it to D365FO . Once the data reaches D365FO , the integration automatically creates Customer Payment Journals to record these transactions against the appropriate customer accounts. This process ensures that all credit card payments received in Titan are accurately recorded and reconciled within D365FO , maintaining data consistency between the two systems. Integration Direction: Inbound (Titan-DF",
KB0027976,Website Login Error – Unable to Login in due to something went wrong error/ server error,End User,Login,,Unmapped,"Website Login Error – Unable to Login in due to something went wrong error/ server error Download and Run the Fix Tool This script will: Reset your internet connection Close all open web browsers Clear cache and cookies for all browsers (Chrome, Edge, Firefox) Clean up temporary files on your computer Note : This is for Windows devices only . 📥 Click here to download and run the fix script Summary This guide helps you fix login problems on our website when you see error messages like ""Something went wrong"" or ""Server Error."" Purpose Your computer might hold onto broken or outdated data that causes issues with logging in. This guide shows you how to clear it all out and fix the problem. Quick Fix - Run the Script It helps fix errors like: Something went wrong. Please try again later. Server Error - Error occurred while processing your request. If error persists, please contact support team. What to do: Click this link: KB0027976 - Script Download the zip file and run If a prompt appears, click ""More info,"" then click the ""Run anyway"" button to continue Wait for it to finish - it only takes a minute Once done, close all open browsers Open a new browser window and try logging in again",
KB0028488,Autopayment not working for Credit Card Worldpay/Ingenico,L2,Customer Portal (MyRegus),[Payments - Credit Card] Autopayment not working for Credit Card Worldpay/Ingenico,High,"Autopayment not working for Credit Card Worldpay/Ingenico Overview This article provides steps for investigating issues related to autopayments not processing correctly for invoices linked to credit cards via Worldpay or Ingenico. It includes guidance on identifying invoice payment journeys, checking database states, and common failure reasons from payment providers. Applicable Scenarios Autopayment not triggered for monthly invoices. Invoice status stuck in ""progress"" or ""pending"". Invoices not visible in the payment provider dashboard. Transactions declined with error messages like ""stolen card"", ""lost card"", or ""expired"". Root Cause Identification 1. Check Invoice Type and Status Only monthly invoices are eligible for autopayment. Autopayments are triggered mid-month, typically for invoices generated at the end of the previous month. If the invoice status is still in progress or pending, the transaction may not reach the payment gateway yet. 2. Verify Payment Journey Use the database to query the payment request history or payment request table. A payment journey value of 9 indicates the invoice is scheduled for autopayment. If the value differs (e.g., customer-initiated or unde",
KB0024595,How to setup EDI mapping in D365FO,L2,Dynamics F&O,,Unmapped,"How to setup EDI mapping in D365FO Application / Service Dynamics 365 F&O Description This is for EDI mapping setup in D365FO. Instructions 1. On the Navigation pane, select System Administration > Setup > Integration Mappings. 2. Below are the EDI mapping to be configured by request. 2.1 Legacy GL account mapping Mandatory fields: Format Value (legacy Main account) Procurement category Note: It depends on the request if all format or specific format only. 2.2 Legacy vendor to vendor account mapping Mandatory fields: Format Vendor name/ID (legacy vendor name/ID) Vendor account (Dynamics vendor account) Note: It depends on the request if all format or specific format only. 2.3 Dimension Mapping Mandatory fields: Format Legacy centre/department (legacy centre code) Legacy business unit Centre (Dynamics Centre code) - This is unique per company code Entity (Dynamics BU code) Company (Dynamics Company code) Note: It depends on the request if all format or specific format only. 2.4 CSV category code to procurement category mappings Mandatory fields: All fields Note: Procurement category must already exist in Procurement categories list in Dynamics before we can setup this EDI mapping. E",
KB0027763,Unable to delete MAC Address on Customer Portal,Customer Support,Accounts & Companies,,Unmapped,"Unable to delete MAC Address on Customer Portal Application / Service Customer Portal Details MAC address cannot be fully deleted from Customer Portal. Selecting a MAC address and clicking on remove will change the state of the MAC Address to ""Expired"" and that address will no longer be able to correct to the network. After 90 days of expiry date MAC address will be removed/deleted from the account automatically by the system. There is no way to remove it manually. Additional Information",
KB0029321,Payment Data Misalignment Issues (Titan–D365FO) – Troubleshooting Guide,L2,Dynamics F&O,,Unmapped,"Payment Data Misalignment Issues (Titan–D365FO) – Troubleshooting Guide KT Insight: There are cases where a payment is posted within the same country where a client holds multiple accounts, but the payment is interfaced into D365FO under the incorrect account. In such scenarios, the Titan team should be requested to reverse the transaction from the incorrect account and update the reference. Once corrected, DFI can pick up the updated data and reprocess the transaction. The main challenge in these cases is data complexity. It is often difficult to accurately trace the payment details, including identifying who made the payment or which contact it is associated with. Investigation relies heavily on company and Centre ID data from the payment request (middleware reference), along with validation of transaction amounts. If this issue is encountered, it is important to review the process flow to determine where the breakdown occurred. For resolution, the Titan or L3 team should correct the data, after which DFI can reprocess the transaction-especially in cases where there is corruption in the payment request data. Examples: Example 1 : Payments going to wrong Company Scenario: Payment",
KB0019956,Inventory not available when trying to book on Myregus,L1,Customer Portal (MyRegus),,Unmapped,"Inventory not available when trying to book on Myregus Location is not bookable on website. Two options which needs to be checked in Titan - 1) If the inventory is web-bookable or not a) In Titan Go to Titan>Admin>Inventory Admin and then search for the Center with Center ID or Center name. b) After that go to the type of booking the client is trying to do and select the Inventory Name from the list. c) You will be able to see if the ""CAN BOOK ON WEBSITE"" is selected or not. If not selected, that means the Center is not web bookable and it will not show on Customer Portal. The center team will have to contact Global Inventory team for making changes in Inventory. If it is selected, but still the Inventory is missing on Customer Portal, then please raise MST on Jira ex - MST-41515 NC0199864 - Location not available when trying to book on Myregus 2) Another criterion to check whether inventory is bookable or not, is to look at the number of people the client is trying to book on Myregus. For example - if a client is trying to book a meeting room for 30 people but the inventory is not showing available, follow the below steps to check it in Titan - a) In Titan Go to Titan>Admin>Invent",
KB0032439,How to amend recent renewal on Team Hub,End User,Process Enquiry,,Unmapped,"How to amend recent renewal on Team Hub Application / Service TeamHub Details Please follow the below steps to Amend recent renewal Preconditions: active booking with uploaded pricing that has been renewed or auto renewed Purpose: to amend the price, dates, number of occupants for the recent renewal - new booking has been created For Amend Recent Renewal, user wants to see new tier prices after Pricing Team uploaded them This is a known issue, only original tier prices are displayed in Team Hub, new tier prices are not displayed in TH, unless inventory is changed to another one and switched back to original one, but not always possible. Business analysts provided the following workaround: For ""Amend Upcoming Renewal""/ ""Amend Recent Termination"" journeys: o In TeamHub open customer's booking to be renewed o Change office to a random new office and click Continue o Change office back to original desired office o The Tier 3 prices would be updated o Centre team should complete the deal as normal in TeamHub &middot; ""Amend Recent Renewal"" journey: o please request the centre team to complete a paper agreement and raise a ticket with Billing to complete the renewal. Kindly also attach t",
KB0025344,User is not able to make a booking at the same day in the center,L1,Customer Portal (MyRegus),,Unmapped,"User is not able to make a booking at the same day in the center Application / Service Customer Portal Issue Symptoms / Error User is not able to make a booking at the same day in the center due to unavailability of the center Resolution If the customer is not able to make a booking at the same day in some center (i.e. Center No.: 6581) Time Zone within Centre Setup and Maintenance page. There are steps that need to be checked: Navigate to Titan Navigate to Centre Admin within Admin tab (right upper corner) Search for provided Centre Number within Centre Number field and click “Go” Scroll to the section Time Zone Verify that Time Zone is in accordance with the center’s location If it is not in accordance with the center's location, then advise the customer to contact Titan Admin Team for correction. Additional Information",
KB0021138,Customer was charged for DO/DC booking even when he has active unlimited membership agreement.,L1,Titan,,Unmapped,"Customer was charged for DO/DC booking even when he has active unlimited membership agreement. Application / Service Titan Description Customer was charged for DO/DC booking even when he has active unlimited membership agreement. Instructions Steps to take: 1. Always check if they have membership. This can be done under bookings tab once you log in under company. 2. Then check short stay booking they are disputing. 3. Switch to inventory sale tab, scroll down till Membership Prepaid Visits filed Validation message like that &lsquo;Prepaid visit not eligible due to overlap with existing booking' gives you a reason why booking was not free/was charged. You can have several free short stay bookings on one day BUT if they even 30 minutes overlap - one of them will be not free of charge. In this case booking 132077018 is for April 10th from 8:30 to 17:00 and booking 132077010 is for April 10th from 8:30 to 16:00. Resolution: As designed. Crediting is up to GSC if they want. Note - If any other issues are found, then a MST needs to be created for investigation",
KB0020276,How to Reset WKP (World Key Pin) in Teamhub,L1,Team Hub,,Unmapped,"How to Reset WKP (World Key Pin) in Teamhub Application / Service Teamhub Description How to Reset WKP (World Key Pin) in Teamhub Instructions Please follow the below given instructions to Change the World Key Pin in Teamhub 1.Login to the TeamHubs Mobile App. 2.Choose the Personal Menu item. Then choose WorldKey PIN menu 3.To display your current WorldKey PIN select View my WorldKey PIN 4.To create a new WorldKey Pin, select Request a new Pin-this will display your new WKP. 5.Then login to https://go.eu.uniflowonline.comto import your new WKP into the print solution. This will allow you to login to the Canon devices using your new WKP 6.In Titan UI, find user with email valerie.mok@iwgplc.com , or search by Name, in order to get User Id/ Employee Id. Make sure to select Include Terminated Users as well. 7.In MyRegus staff view, use search by email and type in employee_id@regusignore.com , in this case it's 381371@regusignore.com . This step is the same for all staff users. Domain is always @regusignore.com, and first part is Employee Id. 8.Make sure that Regus Internal Recharge company is displayed. Even from this screen we can see that this company is blocked. However, we need to",
KB0020738,Client need to change the point of contact on an agreement,L1,Titan,,Unmapped,"Client need to change the point of contact on an agreement Application / Service OSA Description Client need to change the point of contact on an agreement Instructions Once an Agreement is signed, it cannot be changed, the changes can only be made in Titan - for this please ask the reporter to provide these changes through the Titan UI. If they would like to have a new contact on the OSA, they need to cancel this OSA and sign the new one with correct data. check OSA link whether OSA is signed it can viewed at the bottom of the OSA upon checking in Titan if corrections are needed, that can be done by AHD. For the instructions on how the customer can contact Account Helpdesk and the centre team can do this for them, please go to the link below: https://support.iwgplc.com/sp?sys_kb_id&#61;0b92a3db87c50150ed48620c8bbb35ab&id&#61;kb_article_view&sysparm_rank&#61;1&sysparm_tsqueryId&#61;f2c0c8171b424590ba5febd4604bcb8d",
KB0020713,Move Bank Holiday,L1,Titan,,Unmapped,"Move Bank Holiday Application / Service Titan Details When the user wants to move the bank holiday. Reason: Issue is regarding center set up, and L2 does not set up centers. It should be passed to Titan Admin team.",
KB0027056,Support of BS-9965 Backup of books of accounts and other books and papers maintained in electronic mode - India - D365 Changes (Split from BS-7843),L1,Dynamics F&O,,Unmapped,"Support of BS-9965 Backup of books of accounts and other books and papers maintained in electronic mode - India - D365 Changes (Split from BS-7843) This article relates to the support for failures of the backup of Dynamics 365 production for storage in an India Data centre. This then complies with Indian company law to store the books of accounts locally in India. Background information: We must store a copy of all of our systems related to our books of accounts locally in India. Since D365 is a cloud-based system, rather than generating files to be stored, we just need a copy of production stored in Azure in an Indian based data centre. The copy will be done manually once a week by Shabib Jeffrey. (This was supposed to be automated, but it is a manual process currently) Due to the approval of only a Tier 1 environment and the size of the database, it takes 3-4 days to complete the process, so it can only be done once a week. Only 1-2 local finance users will have access to this back-up/sandbox copy, and it will only be needed when during the annual statutory audit with KPMG. If there is a failure with the process any case raised should be closed and the requestor should escalate t",
KB0020753,When there is an OSA Failure in the system,L1,Titan,,Unmapped,"When there is an OSA Failure in the system Application / Service Titan Details When there is an OSA Failure in the system 1. Titan UI - Admin - replay OSA must be checked first. The reason can be there under Failed log. 2. Check the OSA link whether all required fields (*) are completed by client. The OSA failed because not all required field were completed by user. Advise: The client has to complete the OSA journey. Please fill in the Address/City/Country , and proceed with the OSA journey. Click the Accept button to finalize the OSA creation.",
KB0032133,Credit Card Autopayment Not Working,Customer Support,Payments,[Payments - Credit Card] Autopayment not working for Credit Card Worldpay/Ingenico,Medium,"Credit Card Autopayment Not Working Description (invoices not paid automatically) If the payments are not paid automatically by using the credit card, please check the Default payment preferences settings in Customer Portal. For the autopayment option, credit card should be added in Default Payment Preferences. Instructions Please follow the instructions given below to verify the default payment preferences settings- Go to Customer Portal (ex - https://www.myregus.com/staff/customer-search ) and search for the client's account. Please check with the client, on which account client enabled the autopayment option (Default Payment Preferences) and open the account. Ex. Client have added the credit card default payment method to account - Go to "" Billings & Payments "" section from the "" Accounts "" option on client's home screen. From the list of options given on the left side, please select Manage Payment Method, and at the centre of screen there will be two options, Payment Methods & Default Payment Preferences. If the Credit Card information is not added, then please advise the client to add a card by clicking the Add Payment Method button. Once they have added the credit card inform",
KB0037168,How do I request a credit note for a customer,Customer Support,Payments,,Unmapped,How do I request a credit note for a customer Summary : This article guides users on how to request credit for services that are not locked down or how to get a credit note referral from GSC Billing team. Purpose : The purpose of this article is to guide users to the correct path to open a ticket to request a credit note for a customer. Instructions : Go to Teamhub > Company > Previous invoices > Select Invoice to credit > Click 'Continue' Follow steps under https://iwg.learn.link/content/5f9048a6ad634100100c9e72 on how to escalate the task to GSC Support team.,
KB0020705,The email address of the centre is wrong in the confirmation emails,L1,Titan,,Unmapped,The email address of the centre is wrong in the confirmation emails Application / Service Titan Details If the email address of the centre is wrong in the confirmation emails. It should be passed to Titan Admin team.,
KB0020950,The person in charge has changed in Teamhub but it did not reflect to the renewal internal agreement,L1,Team Hub,,Unmapped,"The person in charge has changed in Teamhub but it did not reflect to the renewal internal agreement The person in charge has changed in Teamhub but it did not reflect to the renewal internal agreement. Example : The person which need to be reflected is Jayce Yao In this screen it is reflected as primary But in the next page it changed to Sandra which is previous person in charge Reason : TH works per design . It will keep the previous person as a contact since they are renewing the agreement, only on new agreements they can change it . Solution : Booking correction team can provide support. Team Hub path: Team Hub -> help -> raise support requests -> Customer Operations -> Billing -> Account Maintenance-Booking Correction - For Acquisition Service Now path: Home -> All Catalogs -> IWG One HelpDesk -> Customer Operations -> Billing -> Account Maintenance-Booking Correction - For Acquisition Link to raise a ticket: https://support.iwgplc.com/sp?id&#61;sc_cat_item&sys_id&#61;1a4a3d47874cc950ed48620c8bbb35dd",
KB0020663,Recurring Services are not being removed from Team Hub,L1,Team Hub,,Unmapped,"Recurring Services are not being removed from Team Hub Recurring services are ended by setting End Date to last day of current month and it will not be invoiced after that To delete the service immediately, please raise booking correction ticket Path to reach Booking Correction Team TeamHub > Company > Log a task > Booking correction",
KB0028675,Customer not getting charged correctly - Override fee,L1,Customer Portal (MyRegus),,Unmapped,"Customer not getting charged correctly - Override fee For issues where customer is reporting an issue with their fees not being charged correctly, please check if there is a record of ""Override fee"" on Titan for a specific booking. Override fee will override any fee system calculates a the booking will be charged for the amount that override fee is. For example check the screenshot. In this case customer was reporting that out of hours fee wasn't charges but as you can see there is Override fee of $990.00 and that is the price that will be charged.",
KB0035976,"Video: ""View All tickets"" integration with Power Platform",End User,Process Enquiry,,Unmapped,"Video: ""View All tickets"" integration with Power Platform Watch the video below for a step-by-step walkthrough on how ""View All Tickets"" works in TeamHub with Power Platform. Note : This functionality is accessible starting from TeamHub version 2.57 or later. With login to Power Platform: Without login to Power Platform:",
KB0020823,Unable to view an account in Titan,L1,Service Desk SOP,,Unmapped,"Unable to view an account in Titan Application / Service Titan Description Unable to view an account in Titan Instructions Resolution: If all is good on our end, we can advise the following: Probably there is no access to that Centre for the user/team raising the issue. Refer to Titan Admins to add Centre to the user access (Mauritius USD Centre).",
KB0037169,How do I add or remove a recurring service not available in Teamhub,Customer Support,Booking,,Unmapped,How do I add or remove a recurring service not available in Teamhub Summary : This article guides users on how to request to add or remove recurring services that are not available in Teamhub due to price restriction and group requirement. Purpose : The purpose of this article is to guide users to the correct path to add or remove a recurring service not available in Teamhub. Instructions : Go to TeamHub > Company > Log a task > Booking correction Follow steps under https://iwg.learn.link/content/5f9048a6ad634100100c9e72 on how to escalate the task to GSC Support team.,
KB0021144,Customer doesn't have lounge membership. Or it shows expired.,L1,Titan,,Unmapped,Customer doesn't have lounge membership. Or it shows expired. Application / Service Titan Details Customer doesn't have lounge membership. Or it shows expired. Please note that we only give complimentary memberships for VO standard and VO Plus bookings. Telephone Answering and Mailbox Plus customers do not receive a complementary gold card . You can check type of booking in UI. 1.Booking → Reservation search → Inventory sale tab Or summary tab - you will see what they pay for Resolution: it will be Business decision if they want to upgrade for VO standard or VO Plus.,
KB0029168,How to resolve INT-AR-013/Error code: 996-999-14-14-,L2,Dynamics F&O,,Unmapped,"How to resolve INT-AR-013/Error code: 996-999-14-14- Application/Service Dynamics F&O Description How to resolve INT-AR-013/Error code: Error Text: "" Error while posting journal JNB000004828 for transaction id - NA000001-370838-1002., ,Posting results for journal batch number JNB000004828/Voucher CBBKRC000000518_NAM1/Voucher CBBKRC000000518_NAM1/Fiscal period for 3/17/2025 is not open.,Caught: System exception.,Posting results for journal batch number JNB000004828/Posting has been canceled."" Root Cause: Recon amount does not match. Fiscal period is closed. Resolution steps for INT-AR-013/ 996-999-14-14-/ Recon amount does not match Raise a FINAPP ticket, provide the key value & bank account ID and request to check the missing transactions for the particular bank. FINAPP team will send the missing transaction and post it. Validate the bank account. Resolution steps for INT-AR-013/ 996-999-14-14-/ Fiscal period is closed Raise a GSC FIN Admin ticket, provide a screen shot of period calender. GSC FIN Admin team will open the requested period. Validate the fiscal period and raise a FIN Ticket for reprocessing while providing them with the Key Values. Coordination with Other Teams: Team",
KB0029327,How to resolve INT-AR-060/Error code: 31-,L2,Dynamics F&O,,Unmapped,How to resolve INT-AR-060/Error code: 31-,
KB0029033,How to Monitor INT-AR-003 in Dynamics F&O.,L2,Dynamics F&O,,Unmapped,How to Monitor INT-AR-003 in Dynamics F&O.,
KB0025348,How to check whether the MAC address is already registered in SQL Production,L1,Customer Portal (MyRegus),,Unmapped,"How to check whether the MAC address is already registered in SQL Production Application / Service Customer Portal Description Sometimes the customer is not able to add MAC address due to a message it has been already registered. Please find below the steps how to search for a MAC address in SQL Production. Instructions 1. Login in the server and then tick connect. 2. Once logged, select New Query 3. Enter the script and mac address, select database – ProductionReplication and Execute Note: Here is the script which should be used to check whether MAC adress already used and who used it – Select top 10 * from dbo.ContactDevice Where ContactDeviceUuID&#61;'' //Enter MAC Address Select top 10 * from dbo.ContactDeviceStatus Where MacAdress&#61;'' //Enter MAC Address Select * from dbo.contactDevicestatustype Additional Information",
KB0029970,How to view tickets for another Center on Team Hub,End User,Process Enquiry,,Unmapped,How to view tickets for another Center on Team Hub 1. Go to TeamHub . Choose Center . 2. Click on the Center Navigator. 3. Select the Center Number and click on VIEW ALL tickets.,
KB0019958,Something went wrong error in Account section on My Regus,L1,Customer Portal (MyRegus),,Unmapped,"Something went wrong error in Account section on My Regus Application / Service Customer Portals Details If the client is facing Something Went wrong error when trying to save their information on Account section, there might be an issue with the information they are trying to enter. There is an issue with phone format here. Please check with customer to try to use correct phone format. It should start only with 48() and not +4848( ex - MST-41391 INC0199438 - Something went wrong error in Account section on My Regus",
KB0033502,How to View All Center Tickets on Team Hub,End User,Ticket Viewing and Access,,Unmapped,How to View All Center Tickets on Team Hub Overview TeamHub allows you to view and manage all tickets related to your centre. Follow the steps below to load additional tickets or search for a specific one. Instructions 1. View All Tickets Go to the Centre tab in TeamHub. Open View All Tickets . Click the Load More button to display additional tickets. Continue clicking Load More until all available tickets for that centre appear. 2. Search for a Specific Ticket Use the search bar in the View All Tickets screen. Enter the ticket number. TeamHub will display matching results immediately.,
KB0029265,AHD Team Guide: Payment Not Showing / Payment Allocation and Queries,Customer Support,Payments,,Unmapped,"AHD Team Guide: Payment Not Showing / Payment Allocation and Queries Summary Supports AHD in handling unresolved customer payment issues where payments are not showing or incorrectly allocated. Purpose Ensures AHD follows the correct process for payment reconciliation, allocation, or payment not showing issues after Aurora and Help submission have been completed. Self-Help First (Customer Requirement) Confirm the customer has already: Used Aurora Chat Assist Submitted a ticket via the Help section Advise customers: Payments may take up to 5 business days to reflect If not reflected after this, upload proof of payment via: Account > Billing and Payments > Upload Financial Information AHD Ticket Handling: If the ticket requires assistance from the GSC team, assign it to GSC Care within CRM for further investigation. Required Details Customer email & company name Payment date and amount Payment method (card, bank transfer, etc.) Invoice number (if applicable) Proof of payment (screenshot or document) What You Can Request Payment not reflected on account Incorrect payment allocation Payment reconciliation requests Payment status clarification After You Submit GSC Team investigates and",
KB0038229,How do I set up a staff membership account or request support?,End User,Access Request,,Unmapped,"How do I set up a staff membership account or request support? To set up a staff membership to make Day Office bookings only for internal use only (eg. for team meetings, trainings, etc), please follow the set up instructions on the IWG Academy guide. Please note team members are set up with their own individual membership, not a membership under the centre name. How to login to use your Staff Membership: If you are prompted to login as a customer or as staff, make sure to choose 'login as staff' and search your membership number via 'Account Search' as shown below: Booking charges: If your Day Office booking does not show as zero price, do not proceed with the booking to avoid being invoiced. Kindly refer to the ""How to Apply for Your Membership"" section in the IWG Academy guide for proper instructions. Crediting staff invoices: If you proceeded to make a booking with fees and have received an invoice, please follow the steps below: Go to TeamHub > Company. In the Company banner, search for your staff Membership number (i.e. your membership card number) using the 'Global search' tab Go to Log a task > Booking correction Provide your staff membership account number and choose 'Book",
KB0024635,View All Tickets - Power Platform & Dynamics support,L1,Service Desk SOP,,Unmapped,"View All Tickets - Power Platform & Dynamics support With the delivery of BS-4698 we are getting multiple tickets related to ""View All Tickets"", most of them related to ""Browser getting stuck"", ""App not found"" and ""Missing License"". L1 team should do the following when getting the following issues: 1. Brower not loading 2. App not found: 3. Missing License: For the "" Browser getting stuck "" or "" App not found "" L1 must do the following: Provide the Knowledge Article KB0024636 to the end users. If the issue does not get resolved then reassign the ticket to IT IWG PowerPlatform Support group For any issues related to PowerApp please assign the ticket to IT IWG PowerPlatform Support group. TH is not responsible for links not working, comments not showing, etc. in the Power App For the "" Missing License "" L1 must do the following: Ticket to be assigned to IT IWG DYNAMICS SUPPORT group Provide the following comment to the users: Thanks for reporting this incident, IT Power Platform team will be reviewing your case as soon as possible. In the meantime, could you please Logout and Log back in to TeamHub and try again?",
KB0020199,Required Information for Applications L2 Team,L1,Service Desk SOP,,Unmapped,"Required Information for Applications L2 Team Application / Service Customer Portal, TeamHub, Titan Details The following information are required (per system) and needs to be gathered by L1 before passing the ticket to L2 team assignment groups. Note: Kindly add the Username (Caller of case) to Work-Notes (if possible add the caller to the watchlist) TEAMHUB &bull; Titan ID: &bull; Company Name: &bull; Centre No: &bull; Number/Booking Reference: &bull; Screenshots of the issue in Team Hub: &bull; Steps taken that lead to the error: &bull; Version of TH: CUSTOMER PORTAL Company ID: User Email: Screenshot of the Issue in Customer Portal: L1 Team Findings / Initial Troubleshooting or checks: Concise description of issue/error: Expected Result Steps taken that lead to the error: Depending on the issue, the following are to be provided: Invoice number : - this is needed whenever we have payments or invoice related ticket Inventory name : - whenever we have issue related to booking or inventory Booking number : - whenever we have issue related to booking or inventory First 6 last 4 : - Any payment related question (CC registration, booking, paying invoice etc.) VAT number : - regarding",
KB0029041,Dynamics F&O | How to Resolve INT-AR-003/Error code: 18-0-,L2,Dynamics F&O,,Unmapped,Dynamics F&O | How to Resolve INT-AR-003/Error code: 18-0-,
KB0020891,How to do a Mock Update on Client's Account,L1,Customer Portal (MyRegus),,Unmapped,"How to do a Mock Update on Client's Account Application / Service Customer Portal Details In many types of issues, we can encounter that the client's account is not visible in Customer Portal, Teamhub, or other apps. In some cases, the invoices, documents, bookings might not appear on Customer Portal/ Teamhub. So in this case the basic replication step is to do a mock update of the company & account. Usually mock update is an easy process to refresh the client's account data in Titan so that it gets synchronized with other apps as well. There are 3 things which needs to be checked and updated, while doing a mock update - 1) Company Details 2) Contact Details 3) Contact Logon Please follow the below steps to do a mock update on the client's company and account - 1) Company Details: a) Go to Titan Homepage>Clients>Client Search b) Type the Company ID by selecting All Clients from Directory . Then click on Search Company c) Open the Company by clicking on Eye button d) Click on Edit Company from left panel, then enter any letter or symbol in any column randomly. e) Go Down and click on Correct. After saving it, again click on Edit Company and remove that extra letter, you entered in 4",
KB0037196,How can customers raise concerns about their Statement of Account (SoA),Customer Support,Invoicing,,Unmapped,How can customers raise concerns about their Statement of Account (SoA) Summary : This article guides users for questions on account reconciliation or concerns on the Statement of Account (SoA) of the customers. Purpose : This article provides the correct path for customers with questions or concerns about their Statement of Account (SoA). Instructions : Centre team to follow the guide how to handle customer SoA queries via IWG Academy Link .,
KB0029017,How to resolve INT-AR-013/Error code: 14-,L2,Dynamics F&O,,Unmapped,How to resolve INT-AR-013/Error code: 14-,
KB0024559,Agreements not visible in Documents section,L1,Customer Portal (MyRegus),,Unmapped,"Agreements not visible in Documents section Application / Service Customer Portal Details If the customer is not able to view their OSA documents on Customer Portal account, under the ""Documents"" section, then L1 will have to check in Titan if the OSA is uploaded manually or by Titan. If there is no link ""view original agreement"" on the titan so that is the reason why they cannot see it. This is as designed. Screenshot of the expected results when the OSA is not visible (example) - Additional Information If ""view Original OSA"" is given in Titan but still client is not able to see it on Myregus, check with L2 team",
KB0032886,How to contact to Global Inventory team?,End User,Inventory,,Unmapped,"How to contact to Global Inventory team? If you're having issues with inventory bookings at your Centre-or need to update something like the inventory name, room type, or capacity-you'll need to contact the Global Inventory Team for support. You can reach them in two ways: Log a ticket online Use the Service Portal link: Centre Operations - Service Portal (service-now.com) Send an email Email your request to: Global.inventory@regus.com Be sure to include your Centre name, a clear description of the issue or update, and any relevant details or screenshots.",
KB0025411,Missing check box for paying invoice,L1,Customer Portal (MyRegus),,Unmapped,"Missing check box for paying invoice Application / Service Customer Portal Details If customer is missing check box for paying invoice, open that company, click anywhere on the white space and select Inspect element Navigate to Network tab so you can track all requests. Navigate to Account - Billing and payments - Invoices and transactions (Inspect element needs to be opened during these operations.) Click on Inspect element portion of the screen and press CTR+F and enter psp. Center configuration will be displayed. In case psp or hcc parameters are set to disabled, that means center is not able to receive online payments. Please ask Titan admins to update this. Additional Information PSP Enabled countries KBA provided under - KB0019680",
KB0037181,How do I request for centre details update,Centre Support,Centre Configuration,,Unmapped,"How do I request for centre details update Summary Use this guide to request updates to your centre's information Log a request via T eamhub > Help > Request a Service > Application Requests > Update Centre Details with all available supporting documentation for the below Centre name, Centre phone number, Emergency number, Business hours Send an email to PS.Reporting@iwgplc.com to update Centre address Centre email address Note: To update the people 'Working At the Centre' this is a request to HR Services by the line manager to update the team member's default centre. Purpose To show you the correct process for updating centre details Self-Help Check first if your team has already submitted the update.",
KB0028871,How to Request Access to Dynamics F&O,End User,Access Request,,Unmapped,How to Request Access to Dynamics F&O,
KB0027456,Titan | Email issue | Contact is set as secondary invoice contact but are not receiving invoice mails to their registered email ID,L1,Titan,,Unmapped,"Titan | Email issue | Contact is set as secondary invoice contact but are not receiving invoice mails to their registered email ID Application / Service Contact is set as secondary invoice contact but are still not receiving invoice mails to their registered email ID Issue Symptoms / Error Client who are setup as secondary invoice contact will not be receiving invoices to registered mail ID. Unless cc on invoice mails is opted on contact details section. How to check if the cc is enabled for the secondary: 1. Check the secondary invoice contact via MyRegus 2. Search the company and access the contact via Titan 3. Check if the cc on invoice email is opted on the contact details: (if not opted then this contact will not be receiving the invoice mail) Resolution Opting the ""cc on invoice emails"" field under contact details section in Titan. After opting the cc on invoice emails the client will be receiving the upcoming invoice mail. Note: past dated invoice mails will not be sent. Additional Information Reference source: https://regusit.atlassian.net/browse/MST-30709 If the flag &lsquo;CC on invoice emails' is not set they will not be receiving the invoice mails ( except for primary c",
KB0037354,Adding a Credit Card to Company Payment Method in MyRegus,Customer Support,Payments,,Unmapped,"Adding a Credit Card to Company Payment Method in MyRegus Payment methods are depending on the PSP provider used in the particular Country, beside this fact we can group payment methods to Personal and Company payment methods and there are few flows where the user is able to add those two payment methods. Below are the instructions to add a Company payment method. COMPANY payment method is connected to the account, just admin users (non admin user is not able to add this payment method type) can add company payment methods. The fact that this payment method is connected to the account means that all admin users under the same account will be able to see and use the added Company payment method. User has an option during adding of the Company payment method to select one card as the default payment method . This means that this default payment method is going to be preselected for every pay flow by default. Add Company payment method flows: 1.Add payment method Manage payment method flow. Navigate to Billing and payments page -> Manage payment methods -> Add new payment method -> populate all required fields and add the card 2.Add Payment method booking follow. Start the booking flo",
KB0020211,Missing Return of Retainer (ROR) Button  on Customer Portal,Customer Support,Return of Retainer,[Retainers] Retainer issues,Medium,"Missing Return of Retainer (ROR) Button on Customer Portal Application / Service Customer Portal Details An RoR (Return of retainer) is a functionality that the clients can use to get a refund if they cancelled the booking early (membership booking) or if they downgraded/upgraded to a different membership type in which there is a price difference. This price difference is crucial, as the upgrade or downgrade must result in a cheaper rate compared to the original booking. This functionality is designed to provide clients with a refund for the unused portion of their retainer, ensuring they are not charged for services they no longer require. It's essential to note that the client's eligibility for an RoR is determined by specific criteria, which must be carefully evaluated to ensure they meet the necessary requirements. Client is eligible if the following criteria is met: 1) No active booking on their account 2) Client chose to terminate agreement 3) Agreement was terminated earlier than the intended date 4) No breach of contract occurred 5) If the bookings made were Long Term Office, Virtual Office or Workstation 6) User has to have Administrator role How to check for the ROR butto",
KB0036716,Community Team Guide for Payment Allocation and Balance Mismatch,Customer Support,Payments,[SOA] Balance Mismatch,Medium,"Community Team Guide for Payment Allocation and Balance Mismatch Here are some of the guides Centre team can use when checking the invoices or SOA in IWG Portals / Customer Portal. Case 1: Payment status - When Payment is made by the client but the payment status is showing as unpaid. Centre Team should kindly await a period of 144hrs (6 days) from the time of payment, as sometimes there is a delay in payment allocation. If the payment is reflecting as unpaid even after 144hrs time interval then please advise them to raise a ticket via Online Help Case 2: Balance mismatch - Mismatch or discrepancy issue/ reconciliation of client's statement of account (SOA). Download the transaction statement from client's account and check if the ending balance is incorrect. In such cases, Customer to log a ticket to Online Help which then someone from Customer Account Management Team will help the customer. Once the discrepancy is identified, GSC AR team has to create a ticket to IT Finance Team (If the issue requires IT assistance) providing both the SOAs on the ticket. Case 3: Invoice showing as paid but should shown as unpaid. When the client is unable to make a payment via IWG Portal because",
KB0024955,Issues related to E-Bill Express website,L1,Service Desk SOP,,Unmapped,"Issues related to E-Bill Express website Application / Service Intranet Websites Details If we are receiving any incident or request related to www.E-BillExpress.com websites, or with screenshots of that application, for example - This application is not managed by IWG IT department. It is a website managed by Wells Fargo. Please ask the user to reach out to their respective team. Below template can be used - Hello Team, Hope you are doing well. Please note that this webpage is not maintained by IWG. Wells Fargo launched the process of e-cheques/e-bill express in the US. Please try to access below link to contact Wells Fargo. https://www.wellsfargo.com/help/contact-us/ As this issue is not maintained by IWG, This ticket will be closed. Regards, IWG IT Additional Information This Website is managed by Wells Fargo team, and not by IWG IT.",
KB0037150,Help with Credit Card Payment or Registration Issues,Customer Support,Payments,,Unmapped,Help with Credit Card Payment or Registration Issues Summary Use this guide for problems with credit card payments or card registration in the Customer Portal. Purpose To help you with the correct path for customer's concern and gather the right information for credit card-related issues. This includes both payment failures and registration errors. Self-Help Check if the issue is already resolved by verifying details in the Customer Portal. For payment issues: Go to Billing and Payment > Invoices and Transactions For card registration: Go to Billing and Payment > Manage Payment Methods How to Raise a Ticket Make sure you collect this info before raising the ticket: For Payment Issues: First 6 and last 4 digits of the card Invoice number Date of payment attempt For Registration Issues: First 6 and last 4 digits of the card Date of card registration attempt Correct company name and customer email address OPTION 1: TEAMHUB Ticket Path for Both Payment and Registration Issues : Teamhub > Help > Customer Operations > Client Management > CNP Setup Query OPTION 2: SERVICENOW LINK https://support.iwgplc.com/sp?id=sc_cat_item&sys_id=0532926b87c43190a310baaabbbb35af&sysparm_category=5914d8f0,
KB0032926,Unable to send renewal contract to the new contact on Team Hub,End User,Process Enquiry,,Unmapped,"Unable to send renewal contract to the new contact on Team Hub Issue When processing an OSA renewal, the system continues to display the old primary contact email in the header, even though the renewal should go to the new primary contact . Root Cause This behavior is as designed: The system uses the default contact from the original booking (e.g., xxxx@email.com ). By design, this contact must be shown in the renewal screen header. Solution If you would like to send OSA to another contact they can do it by selecting Send to Customer button on OSA preview screen and selecting another Contact. 1. Confirm the Renewal On the renewal screen, click the Confirm button. 2. Open the Contact Selection Field After confirmation, click on the contact field displayed on the screen. 3. Choose the Contact A dropdown list will appear. Select any available contact linked to that company.",
KB0020747,LTO office bookings are renewed based on NDD,L1,Titan,,Unmapped,"LTO office bookings are renewed based on NDD Application / Service Titan Details LTO office bookings are renewed based on NDD NDD is set three months before the end date of the agreement Renewals run 3 on NDD&#43;1 day Please do the following basic checking: search for parent booking: use renewal OSA ref, like here it is R-2213985 go to inventory tab and click on Renewal from link this will be your Parent Booking - 120006896 3. check the NDD for parent booking NDD should be EndDate - 3 months (thus April 30 2023 minus three months will not equal July 7th 2022) 4. In this case NDD is wrong. Let’s check who set this up Looking at the top of the page you will see when and how booking was created This was created by staff user here. Hence there is no OSA or system issue here. booking got renewed based on incorrect NDD. Please pass to GSC to sort this out. Also NND can be amended thru IU if needed. If booking was created by OSA and has incorrect NDD - raise MST",
KB0020715,To raise  CNs or reissue invoices in Titan,L1,Titan,,Unmapped,To raise CNs or reissue invoices in Titan Application / Service Titan Details Summary : Invoice 3123-10505 was credited and auto raised by the system as CSTM instead of credit note. Please assist to re-issue 3123_1CSTM as credit note since we didn't raise the retainer as STM. Reason: Titan does not reissue invoices or raise CNs Solution: Should be passed to GSC/Finance Team Path for GSC Billing https://support.iwgplc.com/sp?id&#61;sc_cat_item&sys_id&#61;b84626e687788190a310baaabbbb35b0&sysparm_category&#61;e8723e45870b0150ed48620c8bbb3564,
KB0019521,How to Request a Titan User Role or Access Update,L1,Titan,,Unmapped,"How to Request a Titan User Role or Access Update Summary Use this guide to request updates to your Titan user role, access permissions, or to set your Default or Home Centre. Purpose This article helps users submit requests for changes to their Titan user role, update access settings, or change their Default or Home Centre. These changes ensure you have the correct system permissions aligned with your responsibilities. Self-Help First Before raising a request: Check with your team if a similar request has already been submitted. Review the IWG Academy guide on how roles and access are set in Titan. IWG Academy Links Community Team Titan Access - Full Guide How to Raise a Ticket Teamhub Option : Navigate to: Teamhub > Help > Raise Support Requests > Technology and Systems > Request a service > Application requests > Update on Titan User Role/Access What to Include in Your Request: Email Address Your current and requested Titan role or Titan access updates Justification for the change Any relevant screenshots of errors (if there is) Approvals (if applicable) What You Can Request Change of user role (e.g. Centre Manager, Sales Manager) Assignment of Default or Home Centre Addition or",
KB0020727,To check if Centre has the All Inclusive Offer set up correctly.,L1,Titan,,Unmapped,"To check if Centre has the All Inclusive Offer set up correctly. Application / Service Titan Details The Centre has the All Inclusive Offer set up correctly. We believe the booking was not setup with the All Inclusive because it was made in April, before the All Inclusive was turned on. The renewal was not renewed to All Inclusive. Please rollback the renewal. Then, renew, ticking the All Inclusive box In UI you can check when All Inclusive offer was set up or if there were any gaps Go to Titan, Admin, Offer Admin Select offer name (like ‘All Inclusive Office - Australia 1’) Go to offer set up, choose country name then search for specific center (like MELBOURNE, 90 Collins Street) and you will see the dates the offer is available from. Compare the dates with the dates of booking. If booking is prior to this date, we didn’t have any offer set up in Titan at the time booking was made.",
KB0020719,Not able  to book into home centre without adding a credit card,L1,Titan,,Unmapped,"Not able to book into home centre without adding a credit card Application / Service Titan Details Summary: The customer is not able to make booking into the &#34;home&#34;center without to have added a credit card. As per policy, the customers are allowed to book meeting rooms, into the &#34;home&#34; center and the cost will be added to the monthly invoice Reason: Please check accounts settings under Financial data tab in the invoice terms field. This needs to be set up to 'monthly invoice' option. Steps for L1: go to Titan clients search click eye icon go to the Financial data tab check invoice terms field Solution: Pass to Center Team, GSC to update the settings. Path for GSC Billing https://support.iwgplc.com/sp?id&#61;sc_cat_item&sys_id&#61;b84626e687788190a310baaabbbb35b0&sysparm_category&#61;e8723e45870b0150ed48620c8bbb3564",
KB0035507,Out of Hours Booking Policy,Customer Support,Booking,,Unmapped,"Out of Hours Booking Policy Application / Service Customer Portal Details When the client makes any booking which are made during Out of hours, it will be fully charged and won't be included in the free visits of their membership. 1. Login to Customer Portal with client's account with prepaid Visits. 2. Select Book an Office space tile or Book a Coworking desk and verify message for remaining visits 3. Set time to cover OOH (Out of Hours) slot, e.g. 04:00-05:00, set date to any date in current month and search for any location 4. Select any centre and proceed to Booking review page 5. Verify prices and complete booking 6. Wait until booking is displayed on Home page and after that select Book an Office space or Book a Coworking desk tile again 7. Verify number of visits again",
KB0029366,How to resolve INT-AR-060/Error code: 32-,L2,Dynamics F&O,,Unmapped,How to resolve INT-AR-060/Error code: 32-,
KB0025357,If the Customer is unable to see Priority Internet in Customer Portal,L1,Customer Portal (MyRegus),,Unmapped,"If the Customer is unable to see Priority Internet in Customer Portal What we need to check: a. User must have admin role assigned b. User must have some of the following services(Wi-fi - ASPAC, High Security Private Network, Bundle - HSPN/OOMA Business phone, Priority Internet) Go to Services> Daily Sales and then enter the Center name, customer name and Booking If the user is admin then there is still an issue, raise a MST c. Must be in the center eligible for the Priority Internet",
KB0029367,How to resolve INT-AR-060/Error code: 35-,L2,Dynamics F&O,,Unmapped,How to resolve INT-AR-060/Error code: 35-,
KB0030966,How to request to change Global Invoice Template and/or Invoice Labels,Centre Support,Invoicing,,Unmapped,How to request to change Global Invoice Template and/or Invoice Labels Instructions Please reach out the Titan Admin team ( GSC.TitanSupport@regus.com) for changing the Global Invoice Template and/or Invoice Labels-related queries.,
KB0020632,Customer Portal | E-Invoicing Issue Troubleshooting Guide,L1,Service Desk SOP,,Unmapped,"Customer Portal | E-Invoicing Issue Troubleshooting Guide Application / Service Customer Portal Details Invoices or Credit Notes within an E-Invoicing country should be initially checked first by GSC Billing Support Team. Kindly raise a ticket to them for further assistance by following this guide GSC Finance Guide (ServiceNow ) . We will now be closing this incident as this issue must be investigated by the GSC Billing team. If identified as an IT issue from their side, they have to log an IT incident for it along with their investigation notes. Thank you. This Knowledge Base Article is related issues with e-invoices (Egypt, Guatemala, Turkey, India, Uganda, Colombia and Portugal) Steps: Go to Titan > Invoice Management Paste the invoice or Credit Note number in the ""Full Invoice or Credit Note No:"" field and click on the ""GO"" button Notice the result in Rejection Reason. Now open attached excel and look for the error. If the error is present in the excel sheet ticket needs to go to GSC to fix the data. If error is not present in the excel, incident needs to be added to MST Error Codes which can be encountered in Titan Invoice search result, and their Possible Solutions are attach",
KB0034003,"""Request to early terminate"" Journey is Removed on Team Hub",End User,Process Enquiry,,Unmapped,"""Request to early terminate"" Journey is Removed on Team Hub Overview The "" Request to Early Terminate "" journey has been removed from TeamHub. A new process is now in place starting from TeamHub Version 2.51. Video guides are available below to support both termination scenarios. New Termination Process 1. Termination in Grace Period 🎥 Video attached Steps Go to Company . Select the Company you want to manage. Click Log a Task . Choose Termination in Grace Period . Select the Agreement . Upload the Notice of Termination file. Submit the task. Where to Track the Ticket Go to View All Tickets in TeamHub to view and monitor the termination ticket. 2. Centre-Initiated Termination 🎥 Video attached Steps Go to Company . Select the Company . Click Log a Task . Choose Centre Initiated Termination . Select the Agreement . Choose the End Date and Reason . Upload the Approval for Termination file. Submit the task. Where to Track the Ticket Go to View All Tickets in TeamHub to monitor the submitted request.",
KB0034657,Internal Careers Website Link Added on Team Hub,End User,Process Enquiry,,Unmapped,"Internal Careers Website Link Added on Team Hub Application / Service Team Hub Description Explore the latest addition to TeamHub: a new link that grants you access to our internal career opportunities within the company Instructions 1. Go to Personal section in TeamHub 2. Internal Careers link is displayed 3. Once user clicks on the link, the web-browser will open and show the Internal Careers options.",
KB0032440,How to renew recent termination on Team Hub,End User,Process Enquiry,,Unmapped,"How to renew recent termination on Team Hub Renew a terminated c u s t o me r If you need to renew a customer that has already terminated via their online account, or has been early terminated , and the end date is in the future . The following process will automatically cancel the termination in the system and process their renew al agreement. In TeamHub : Company > Amend agreement > Select booking(s) > Renew recent termination Fill in all fields to detail the renewal , e.g. the end date can be changed to amend the term, can be changed to/from month - to - month, price can be changed ( using the &lsquo;'i icon for pricing ). When you have applied all requirements, click &lsquo; Confirm ' and this will save your changes. Click the &lsquo; Send to customer ' icon, then the customer will be emailed the renewal OSA to accept. Once accepted, this will automatically update the booking. I f your customer requires a paper agreement, choose &lsquo; Send to me' instead and you will be emailed a link to upload the signed paper agreement. DO NOT write any annotations on the agreement, only the signature. NOTE : If the customer is changing their product after termination, send the signed OSA v",
KB0027917,DID issues related to Customer Portals,L2,Customer Portal (MyRegus),,Unmapped,DID issues related to Customer Portals KB: Resolving DID Configuration Issues Overview This knowledge base article describes how to investigate and resolve common issues related to DID numbers. These issues are typically caused by incorrect data stored in the `ServiceConfiguration` table and can result in customers being assigned the wrong DID number or an incorrect service reference. Purpose The purpose of this procedure is to identify and correct DID-related configuration issues by validating the information against Cerebro and updating the `ServiceConfiguration` record in the Proton database where required. Scope This procedure applies to support and engineering teams responsible for maintaining DID service configurations within the Proton platform. It covers issues where the DID configuration stored in the `ServiceConfiguration` table does not match the expected configuration in Cerebro. When to Use This Procedure Use this procedure when: * A customer reports that their DID number is incorrect. * A customer has been reprovisioned after a previous service expired and requires their original DID number to be restored. * The `referenceId` stored in the `ServiceConfiguration` JSON,
KB0033842,Titan Access Removal for the Community Team,End User,Access Request,,Unmapped,"Titan Access Removal for the Community Team Summary This guide explains why some Community Team roles no longer have access to Titan and what to do if an exception is needed. Purpose To help Community Team members understand the removal of Titan access, where to find guidance, and how to request access in special cases. Self-Help Check the list below for the roles with Titan access removed: Job Code Jobtitle Job Abbrev 10180 Community Associate 1 CA 10181 Community Associate 2 CA 10310 Community Associate 3 CA 10182 Community Manager 1 CM 10183 Community Manager 2 CM 10311 Community Manager 3 CM 10199 Sales - Area Sales Manager ASM 10200 Sales CSM CM 10200 Sales CSM CSM 10191 Sales ASM TL ASMTL 10192 Sales CM TL CMTL 10255 Sales CSM TL CSMTL 10195 Sales TLCM Deputy TLCMD 10312 Sales City Manager SLSCM 10313 Sales City Manager Deputy SLSCMD If you're in a role listed below, access is removed by design. IWG Academy Links Community Team Titan Access - Full Guide How to Raise an Access Exception Request If your role is on the list but you need Titan access for a valid business reason, submit a request as follows: Email: Send to GSC.TitanSupport@regus.com Include: Your name and job titl",
KB0032213,How to Update the End Date of a Service in TeamHub,End User,Process Enquiry,,Unmapped,"How to Update the End Date of a Service in TeamHub To update the end date of a service in TeamHub, follow these steps: Open the service record in TeamHub . Locate the Month to Month field on the screen. Switch off (disable) the Month to Month option. Once this is turned off, the End Date field will become editable. Enter the desired new end date and save your changes.",
KB0029357,Unlinking contact from UserProfileID,L2,Customer Portal (MyRegus),,Unmapped,"Unlinking contact from UserProfileID KB Article: Fixing Duplicate / Wrong Contact on User Profile Product: Proton | Team: Support / Triage | Last reviewed: May 2026 Overview When a customer's account has an incorrect or duplicate contact linked to their user profile, the contact association must be corrected via the API. This article describes how to identify the problem, locate the correct user profile ID, and update the record so the right contact is linked. When to Use This Procedure A customer reports that the wrong contact is shown on their account. A duplicate contact exists and the older/incorrect one needs to be removed. Advanced search in the admin UI does not surface the correct record. A user profile has more than one contact and needs to be reduced to one. Prerequisites Access to Cosmos (read-only verification of user profile records). API access with valid production credentials (handle with care - see Security Note below). The correct contact ID and user profile ID for the affected account. Security Note: Production API credentials must never be shared in public channels or left in chat history. Share only via a secure, temporary method and delete immediately after us",
KB0026224,Ending Balance mismatch between MyRegus & Titan [Linked accounts case],L1,Customer Portal (MyRegus),[SOA] Balance Mismatch,High,Ending Balance mismatch between MyRegus & Titan [Linked accounts case] Application / Service Customer Portal Details Issue : Ending Balance mismatch between MyRegus & Titan [incorrect in MyRegus] [Linked accounts case] Description : We find this scenario when The ending balance is correct in Titan UI & Finapp/Titan/MyRegus SOA but it shows incorrect balance in MyRegus Billing section. This type is an as designed case were the primary account has linked accounts. Troubleshooting steps guide for L1/L2 team: 1. Check & make sure that the ending balance of the primary account in Finance SOA & MyRegus/Titan SOA are aligned 2. Check & make sure that the SOAs ending balance & Titan UI ending balance are aligned 3. Check ending balance of the linked account in Titan UI. 4. Sum up the ending balance collected for the accounts referred from Titan UI 5. Sum of the all the linked account's ending balance should be equal to MyRegus portal's ending balance. Illustration of the case for reference: The account ID: 9971327 is a primary account which has an ending balance 0.00 & it has 2 linked accounts 10238009 & 10386010 which has an ending balance of 34.73 & 0.00 MyRegus portal is designed in suc,
KB0020280,No Parking available POP-UP Message,L1,Team Hub,,Unmapped,"No Parking available POP-UP Message Application / Service Titan Description No Parking available POP-UP Message Instructions Please follow the below given instructions to troubleshoot the Issue of No Parking pop-up message : When a request is raised saying that the staff is trying to book Parking services on Team Hub and received the following error message: To check if this work as designed or if it's an issue, we first need to check available inventory in Titan : Login to Titan > Client - Client Search > Enter company reference or company name > Click on company to open company's details Click on Booking - Booking Centre Calendar > select from Product dropdown Parking > change View to 7 days for easier identification of days when parking lots are available Check availability (Pay attention is the correct center in Booking Centre Calendar, sometimes Titan doesn't ""catch"" data properly) In this case there is no parking available until 1 st July. If there is no availability and all parking slots are booked then the error message is correct since there is no availability and they cannot book any. Therefore, you will inform the requester that the application is working as designed and",
KB0037688,Move to another centre same country  is not working as per the Agreement Process guide on Team Hub,End User,Process Enquiry,,Unmapped,"Move to another centre same country is not working as per the Agreement Process guide on Team Hub User is trying the transfer the client, but the below message appears: First, make sure this is an in-country transfer, that an international Center wasn't selected by mistake - this is the message appears for international transfers only. In case you are sure it's an in-country transfer, use the screenshots to report an issue with TeamHub. IT Ticket number can be used to process the booking via Booking Correction ticket while the root cause is being investigated.",
KB0020288,No Business Rule,L1,Team Hub,,Unmapped,"No Business Rule Application / Service TeamHub Details Please follow the below given instructions to Issues when there is a No Business Rule When the user tries to make the booking in Centre option and get the above screenshot error, this is an issue with the service pricing which is not configured properly in Titan. In Titan under service pricing, the day pass must be set up for the centers with business lounge. If the configuration is not done properly then we will get this issue. In this case, we will ask them to contact GSC Titan Admin team to fix the issue in Titan. If you receive the above error message, get the details from user and check for the contact details in Titan. If there is no details entered in Titan, then it is as designed. User need to contact Titan admin via GSC.TitanSupport@regus.com to fix the issue. If all the details are available and user still face issue, we will raise MST for further investigation.",
KB0025705,Unable to remove/delete Contact in CP,L1,Customer Portal (MyRegus),[Accounts and Companies] Contact removal,Medium,"Unable to remove/delete Contact in CP Application / Service Customer Portal Details Issues where users are unable to delete/remove contact with the following error: This is working as designed. Contact has agreement/recurring services that are still active assigned to them and system will not allow his account to be deleted until these are expired. Users will have to wait for the agreement/service to expire or change the contact manually by contacting GSC team. Additional Information <Add links to more resources such as a page in the product documentation, SharePoint sites, related knowledge article, or other customer applications>",
KB0025390,How to process Renewal and Move at the same time in TH,L1,Team Hub,,Unmapped,"How to process Renewal and Move at the same time in TH Application / Service TeamHub Description Processing Renewal and Move at the same time Instructions <Provide numbered steps on how to accomplish the task> 1.Open and login into TeamHub 2. Select Company and Centre 3. Navigate to Amend Agreement > Select the agreement to renew/move > Amend Upcoming Renewal (or Amend Recent Renewal) 4. On the Renewal page click on the Inventory name and calendar screen will open 5. Select inventory you would like to renew the agreement to 6. Once selected, new price will be loaded related to newly selected inventory 7. Finish the renewal process Additional Information",
KB0024591,How to update FX rate in D365FO,L2,Dynamics F&O,,Unmapped,"How to update FX rate in D365FO Application / Service Dynamics 365 F&O Description This is for adding or updating FX rate (Currency exchange rates) in D365FO. Instructions 1. On the Navigation pane, select General Ledger module and expand Currencies . 2. Select the Exchange rate types. The Exchange rate types form will be displayed. 3. To update or add exchange rates, click the row of the applicable Exchange rate type . Then, click Exchange rates in the menu section. The Currency exchange rates form will be displayed. Note: Exchange rates are displayed according to the selected record in Exchange rate type field, found in the upper left section of the form (below the Filter box). In this sample screenshot, the Exchange rate type selected is Argentina-daily . 4. On the Add or remove exchange rates section of the form, click the Add button. Specify the date on the Start date field and enter the rate on the Exchange rate field. 5. On the menu section, click Save . Additional Information Prerequisite: Exchange rate types are already defined in General ledger > Currencies > Exchange rate types. The process is to add or update a record of exchange rates in the system. For mass uploading,",
KB0019960,This location is not availabe for the selected time error on Customer Portal,L1,Customer Portal (MyRegus),,Unmapped,"This location is not availabe for the selected time error on Customer Portal If the client/Center team is facing this type of issue on Customer Portal when trying to book, we will have to check 1) the Center Opening and Closing hours 2) Check if it is web bookable or not on Titan Inventory Admin 3) To check if the capacity of the inventory is equal or more than the number of people client is trying to book As we could see they are trying to book meeting room for 30 occupants and this center have only one meeting room with the capacity for that amount of people and it is not bookable through web. Another easy check in Titan. ex - MST-41342 INC0198550 - Location not available to book meeting room",
KB0035510,Teamhub | Unable to upload or view documents,End User,Process Enquiry,,Unmapped,"Teamhub | Unable to upload or view documents Missing uploaded documents under company. Cause The company is under OPS Centre, therefore the users cannot view such files because they don't have permission to view OPS Centers. Resolution User to create a company under regular Centre and add the file then files will be visible.",
KB0038106,How to view all the linked accounts on Myregus?,Customer Support,Accounts & Companies,,Unmapped,"How to view all the linked accounts on Myregus? If a client has multiple accounts at different centres for a particular company, then they can keep it in one single account by linking them together. The linked accounts are visible on the dropdown list on the client's homepage. Attached screenshot for reference - If there are many accounts merged together in a single contact, then it won't be visible on the dropdown list. Myregus displays maximum 5 accounts (locations) in the dropdown list. If there are a greater number of linked accounts, then the client will have to click on ""Manage Company Accounts"" to view the full list of accounts. Note - To add more accounts in the list, the client should click on ""ADD NEW COMPANY ACCOUNT"" and to remove the linked account from the same list, they can click on 3 dots on the right side, and then click on ""Unlink this account"" to unlink it.",
KB0029202,How to monitor INT-AR-009 in Dynamics F&O.,L2,Dynamics F&O,,Unmapped,How to monitor INT-AR-009 in Dynamics F&O.,
KB0030465,How Do I Get the Latest Version of TeamHub?,End User,Process Enquiry,,Unmapped,"How Do I Get the Latest Version of TeamHub? Overview TeamHub updates are delivered differently depending on whether you are using a mobile device or a Windows desktop/laptop . Follow the steps below to ensure you always have the latest version installed. Mobile Devices (iOS and Android) To update TeamHub on your mobile phone or tablet: Simply go to your App Store (iOS) or Google Play Store (Android). Search for TeamHub and tap Update , just like any other application. Windows Desktop Application Automatic Updates TeamHub updates are normally pushed automatically to your Windows device. If your version is not updating: Log out of TeamHub. Restart your device. This usually forces pending updates to install. Manual Update (If You Need the New Version Urgently) Follow these steps to install the latest version via the Microsoft Store: Click Start &rarr; search for Microsoft Store &rarr; open it. In the Store, search for TeamHub . Click Install (or Update , if available). Note TeamHub is compatible only with iOS, Android, or Windows 10 devices. It cannot be installed on Windows 7 devices. Useful Articles How do I perform a Windows update on my Windows 10 device? OPS Help - How do I acces",
KB0028728,Dynamics F&O | How to Resolve INT-AR-001/Error code: 27-1-,L2,Dynamics F&O,,Unmapped,Dynamics F&O | How to Resolve INT-AR-001/Error code: 27-1-,
KB0033016,Event Spaces Guidelines,Customer Support,Products & Services,,Unmapped,"Event Spaces Guidelines 1) How to See an Event Space in Inventory in Customer Portal Event spaces will only be visible in Staff Mode. a) Access https://www.myregus.com/home and click ""Log in"" b) Enter your user credentials (email) and tick ""Login as Staff"" c) Search for the Customer Account d) Within Customer select Event Space tile e) Select location, number of people, date and time and click search f) Available centres are displayed. Select centre g) List of available event spaces for the selected centre is displayed 2) How to check the Inventory in Titan - a) Access Titan b) Go to ""Inventory Search"" c) Select: Product: Meeting Room Preferred Configuration: Events Space d) List of event spaces for the selected search criteria will be displayed. 3) How to book it - Customer - Book In Web ( www.regus.com ) a) Customer clicks on ""Even Space"" in the ""What we do"" section b) Customer is taken to the Events Space page. c) When clicking on ""TALK TO AN EXPERT"" on the previous page, the customer is directed to the enquiry page d) Customer can submit the enquiry by selecting ""Event Space"" and filling all the required information. Book In Customer Portal - a. Customer clicks in ""Find an even",
KB0028845,How to resolve INT-AR-012/Error code: 4-,L2,Dynamics F&O,,Unmapped,How to resolve INT-AR-012/Error code: 4-,
KB0028824,How to resolve INT-AR-001/Error code: 998-999-,L2,Dynamics F&O,,Unmapped,How to resolve INT-AR-001/Error code: 998-999-,
KB0029214,How to resolve INT-AR-013/Error code: 996-999-14-14-14-14-14-14-14-1,L2,Dynamics F&O,,Unmapped,"How to resolve INT-AR-013/Error code: 996-999-14-14-14-14-14-14-14-1 Application/Service Dynamics F&O Description How to resolve INT-AR-013/Error code: 996-999-14-14-14-14-14-14-14-1 Error Text: ""Error while posting journal JNB000177483 for transaction id - TH000034-548253-1003.,"" Root Cause: Opening and closing balance do not match that causes the ending balance issue. Fiscal period is closed Resolution steps for INT-AR-013/ Opening and closing balance do not match that causes the ending balance issue Check the bank account to check if there are missing dates. Raise FIN ticket with the key value and bank account ID. FINAPP to check missing transactions and push the transactions. Once confirmed done, we will validate if the records are already processed in the Integration queue. Fiscal period is closed Validate in Dynamics F&O if the transaction can be posted in the current fiscal period. Get all the details from the Deserialization queue and then provide them to GSC FIN ADMIN team. Once confirmed that they can be posted to the current period, raise FIN ticket to change the Transaction date to the current fiscal period/opening period date. Error codes will be skipped in the Integra",
KB0028856,How to resolve INT-AR-001/Error code: 31-,L2,Dynamics F&O,,Unmapped,How to resolve INT-AR-001/Error code: 31-,
KB0029280,AHD Team Guide: Urgent Payment Request (Customer Refunds / Payments),Customer Support,Central Applications,,Unmapped,"AHD Team Guide: Urgent Payment Request (Customer Refunds / Payments) Summary Supports AHD in raising urgent payment requests for customers where funds need to be paid out. Purpose Ensures AHD follows the correct process for urgent payment requests (refunds or manual payments) after Aurora and Help submission have been completed. Self-Help First (Customer Requirement) Confirm the customer has already: Used Aurora Chat Assist Submitted a case via the Help section AHD Ticket Handling: If the ticket requires assistance from the GSC team, assign it to GSC Care within CRM for further investigation. Required Details Customer name and company Payment amount and currency Required payment date Beneficiary name Bank details (Account Number, IBAN, BIC, Bank Name) Payment reference Justification (mandatory) Confirmation if refund is already posted Supporting documents (if applicable) What You Can Request Customer refunds (money to be returned) Urgent/manual payments outside standard payment runs Valid Justifications (must select one): Court ordered payment Executive escalation Ongoing or Notification of Legal Action Customer causing disorder in the centre Customer leaving social media feedback",
KB0028825,How to resolve INT-AR-001/Error code: 996-999-,L2,Dynamics F&O,,Unmapped,How to resolve INT-AR-001/Error code: 996-999-,
KB0024573,Customer Portal | Required Information for Applications Team,L1,Customer Portal (MyRegus),,Unmapped,Customer Portal | Required Information for Applications Team Application / Service Customer Portal(Myregus) Details The following details are required based on the type of issue or request in CUSTOMER PORTAL(MYREGUS) AGREEMENTS: RENEWALS & TERMINATIONS Titan Company Reference / Account Number: &bull; Affected User Email ID &bull; Screenshot of the issue in Customer Portal Step by Step screenshot / Video Recording &bull; Steps taken that lead to the error: &bull; L1 Team Findings / Initial Troubleshooting or checks: Concise description of issue/error: Expected Result &bull; Booking Reference Number CALL ANSWERING CONFIGURATION ISSUES Titan Company Reference / Account Number: &bull; Affected User Email ID &bull; Screenshot of the issue in Customer Portal Step by Step screenshot / Video Recording &bull; Steps taken that lead to the error: &bull; L1 Team Findings / Initial Troubleshooting or checks: Concise description of issue/error: Expected Result &bull; Booking Reference Number CREDIT CARD PAYMENT ISSUES Titan Company Reference / Account Number: &bull; Affected User Email ID or Email address of the customer who attempted to add credit card &bull; Screenshot of the issue in Customer,
KB0034904,Unable to Request a Credit when invoices have charges older than 2 Years on Team Hub,End User,Process Enquiry,,Unmapped,"Unable to Request a Credit when invoices have charges older than 2 Years on Team Hub Issue Users are unable to submit credit requests through TeamHub if the invoice or the charges associated with the invoice surpass a 2-year timeframe. Cause As an illustration, consider the following scenario: the invoice is dated 2023, but the associated charges originate from the year 2020. Solution Users are required to reach out to the Billing team to initiate discussions and seek approval for any potential credits in such cases.",
KB0028829,How to resolve INT-AR-012/Error code: 11-,L2,Dynamics F&O,,Unmapped,How to resolve INT-AR-012/Error code: 11-,
